INSERT INTO assessments (assessment_id, description, version) VALUES 
	(1, 'Test data pulled from the assessment draft.', '0.0');

INSERT INTO categories (category_id, description) VALUES 
	(4, 'Build'),
	(10, 'Testing'),
	(12, 'PM');

INSERT INTO questions (question_id, assessment_id, category_id, subcategory_id, description, fitness_level) VALUES 
	(19, 1, 4, NULL, 'Do you build from a repository?', 1),
	(20, 1, 4, NULL, 'Does your system have regular builds?', 1),
	(21, 1, 4, NULL, 'If you answered YES to Question 1.2, What is the frequency of your builds?', 1),
	(22, 1, 4, NULL, 'Is your source code repository integrated with your Continuous Integration(CI) server?', 1),
	(23, 1, 4, NULL, 'If yes, are there build scripts that automate the build process in the CI server?', 1),
	(24, 1, 4, NULL, 'Is your build automated upon code commit (to main branch-post review)?', 1),
	(25, 1, 4, NULL, 'Does your build produce deployable artifacts?', 1),
	(26, 1, 4, NULL, 'Are defects statistics collected on a build basis to help determine code maturity?', 1),
	(27, 1, 4, NULL, 'Are automated static code analyzers used to assess code quality?', 1),
	(28, 1, 4, NULL, 'Are Test Coverage assessments completed for each build?', 1),
	(29, 1, 4, NULL, 'How long does it take to fix broken builds?', 2),
	(30, 1, 4, NULL, 'Do you re-use your build scripts?', 2),
	(31, 1, 4, NULL, 'Are your build dependencies managed?', 2),
	(32, 1, 4, NULL, 'Is your code commit to mainline a daily event?', 2),
	(33, 1, 4, NULL, 'Do static code analyzers inform the maturity assessment of the build process and help to inform the development burndown process?', 2),
	(34, 1, 4, NULL, 'Does defect density inform the maturity assessment of the build process and help to inform the development burn down process?', 2),
	(35, 1, 4, NULL, 'Do test coverage assessmenr inform the maturity assessment of the build process and help to inform the development burn down process?', 2),
	(36, 1, 4, NULL, 'Has your deployment assembly been verified?', 3),
	(37, 1, 4, NULL, 'Do you have and use build metrics?', 3),
	(38, 1, 4, NULL, 'Are integration challenges discussed regularly?', 3),
	(39, 1, 4, NULL, 'Are Integration problems resolved through automation, faster feedback, and better visibility?', 3),
	(40, 1, 4, NULL, 'Does build maturity assessment inform build quality and impact work burndown activities?', 3),
	(116, 1, 10, NULL, 'Do all test scripts reside in a version control repository?', 1),
	(117, 1, 10, NULL, 'Automated functional and interface testing?', 1),
	(118, 1, 10, NULL, 'Automated unit tests for each user story?', 1),
	(119, 1, 10, NULL, 'Are test and development integrated?', 1),
	(120, 1, 10, NULL, 'Are upstream and downstream tests performed?', 1),
	(121, 1, 10, NULL, 'Is Defect velocity used as a measurement of maturity?', 1),
	(122, 1, 10, NULL, 'Smoke tests automated?', 2),
	(123, 1, 10, NULL, 'Automated acceptance tests for each user story?', 2),
	(124, 1, 10, NULL, 'Automated regression tests?', 2),
	(125, 1, 10, NULL, 'Are upstream and downstream tests performed for each build?', 2),
	(126, 1, 10, NULL, 'Are defects density metrics used to determine qaulity and inform burndown workload processes?', 2),
	(127, 1, 10, NULL, 'Are Defects are found immediatley?', 3),
	(128, 1, 10, NULL, 'Are non-functional requirements defined and measured?', 3),
	(129, 1, 10, NULL, 'Are produciton rollbacks rare?', 3),
	(130, 1, 10, NULL, 'Is A/B testing used?', 3),
	(131, 1, 10, NULL, 'Has there been customer discovery and validation?', 3),
	(132, 1, 10, NULL, 'Is the system validated that it works as intended - customer value?', 3),
	(133, 1, 10, NULL, 'Are quality trends tracked and discussed?', 3),
	(134, 1, 10, NULL, 'Is performance testing completed and used to inform operations monitoring?', 3),
	(135, 1, 10, NULL, 'Is DR and Rollback tested and verify in each Release?', 3),
	(148, 1, 12, NULL, 'Is Project Management treated as a unique discipline within your IT organization?', 1),
	(149, 1, 12, NULL, 'Has your IT organization defined a manager for all IT PMs?', 1),
	(150, 1, 12, NULL, 'Are PM-related skills a distinct part of your IT skills inventory?', 1),
	(151, 1, 12, NULL, 'Is your organization involved with industry-standard groups like Project Management Institute?', 1),
	(152, 1, 12, NULL, 'Are projects funded out of a separate IT budget?', 1),
	(153, 1, 12, NULL, 'Is project cost tracking integrated into your overall IT financial management structure?', 1),
	(154, 1, 12, NULL, 'Do you conduct post-implementation reviews?', 1),
	(155, 1, 12, NULL, 'Are the results of your PIRs used as learnings for future projects?', 1),
	(156, 1, 12, NULL, 'Are fact based estimates used to qualify effort and are actuals used to inform the estimation process?', 1),
	(157, 1, 12, NULL, 'Is a skills inventory maintained along with quality assessments at the individual level to inform continuous training objectives and improve code quality?', 1);

INSERT INTO answers (answer_id, question_id, description, score, recommendation) VALUES 
	(55, 19, 'No', 0, 'Start consolidating your code to an SCM solution (GIT, SVN, Dimension, etc) plan for daily check ins into the repository.'),
	(56, 19, 'Planning to', 2, NULL),
	(57, 19, 'Yes', 4, NULL),
	(58, 20, 'No', 0, 'Begin to think about automation'),
	(59, 20, 'Planning to', 2, NULL),
	(60, 20, 'Yes', 4, NULL),
	(61, 21, 'Monthly', 0, 'Aim towards weekly and ideally Daily builds, Goal is to deploy at a max. every 2 weeks'),
	(62, 21, 'Weekly', 2, NULL),
	(63, 21, 'Daily', 4, NULL),
	(64, 22, 'No', 0, 'Use of web-hooks, API''s, CI server plugins can link your repository and CI server.'),
	(65, 22, 'Planning to', 2, NULL),
	(66, 22, 'Yes', 4, NULL),
	(67, 23, 'No', 0, 'Builds should run on every code check-in to repository automatically via build scripts, CI server project configurations.'),
	(68, 23, 'Planning to', 2, NULL),
	(69, 23, 'Yes', 4, NULL),
	(70, 24, 'No', 0, 'Builds should run on every code check-in to repository automatically via build scripts, CI server project configurations.'),
	(71, 24, 'Planning to', 2, NULL),
	(72, 24, 'Yes', 4, NULL),
	(73, 25, 'No', 0, NULL),
	(74, 25, 'Planning to', 2, NULL),
	(75, 25, 'Yes', 4, NULL),
	(76, 26, 'No', 0, NULL),
	(77, 26, 'Planning to', 2, NULL),
	(78, 26, 'Yes', 4, NULL),
	(79, 27, 'No', 0, NULL),
	(80, 27, 'Planning to', 2, NULL),
	(81, 27, 'Yes', 4, NULL),
	(82, 28, 'No', 0, NULL),
	(83, 28, 'Planning to', 2, NULL),
	(84, 28, 'Yes', 4, NULL),
	(85, 29, 'No', 0, NULL),
	(86, 29, 'Planning to', 2, NULL),
	(87, 29, 'Yes', 4, NULL),
	(88, 30, 'No', 0, NULL),
	(89, 30, 'Planning to', 2, NULL),
	(90, 30, 'Yes', 4, NULL),
	(91, 31, 'No', 0, NULL),
	(92, 31, 'Planning to', 2, NULL),
	(93, 31, 'Yes', 4, NULL),
	(94, 32, 'No', 0, NULL),
	(95, 32, 'Planning to', 2, NULL),
	(96, 32, 'Yes', 4, NULL),
	(97, 33, 'No', 0, NULL),
	(98, 33, 'Planning to', 2, NULL),
	(99, 33, 'Yes', 4, NULL),
	(100, 34, 'No', 0, NULL),
	(101, 34, 'Planning to', 2, NULL),
	(102, 34, 'Yes', 4, NULL),
	(103, 35, 'No', 0, NULL),
	(104, 35, 'Planning to', 2, NULL),
	(105, 35, 'Yes', 4, NULL),
	(106, 36, 'No', 0, NULL),
	(107, 36, 'Planning to', 2, NULL),
	(108, 36, 'Yes', 4, NULL),
	(109, 37, 'No', 0, NULL),
	(110, 37, 'Planning to', 2, NULL),
	(111, 37, 'Yes', 4, NULL),
	(112, 38, 'No', 0, NULL),
	(113, 38, 'Planning to', 2, NULL),
	(114, 38, 'Yes', 4, NULL),
	(115, 39, 'No', 0, NULL),
	(116, 39, 'Planning to', 2, NULL),
	(117, 39, 'Yes', 4, NULL),
	(118, 40, 'No', 0, NULL),
	(119, 40, 'Planning to', 2, NULL),
	(120, 40, 'Yes', 4, NULL),
	(346, 116, 'No', 0, NULL),
	(347, 116, 'Planning to', 2, NULL),
	(348, 116, 'Yes', 4, NULL),
	(349, 117, 'No', 0, NULL),
	(350, 117, 'Planning to', 2, NULL),
	(351, 117, 'Yes', 4, NULL),
	(352, 118, 'No', 0, NULL),
	(353, 118, 'Planning to', 2, NULL),
	(354, 118, 'Yes', 4, NULL),
	(355, 119, 'No', 0, NULL),
	(356, 119, 'Planning to', 2, NULL),
	(357, 119, 'Yes', 4, NULL),
	(358, 120, 'No', 0, NULL),
	(359, 120, 'Planning to', 2, NULL),
	(360, 120, 'Yes', 4, NULL),
	(361, 121, 'No', 0, NULL),
	(362, 121, 'Planning to', 2, NULL),
	(363, 121, 'Yes', 4, NULL),
	(364, 122, 'No', 0, NULL),
	(365, 122, 'Planning to', 2, NULL),
	(366, 122, 'Yes', 4, NULL),
	(367, 123, 'No', 0, NULL),
	(368, 123, 'Planning to', 2, NULL),
	(369, 123, 'Yes', 4, NULL),
	(370, 124, 'No', 0, NULL),
	(371, 124, 'Planning to', 2, NULL),
	(372, 124, 'Yes', 4, NULL),
	(373, 125, 'No', 0, NULL),
	(374, 125, 'Planning to', 2, NULL),
	(375, 125, 'Yes', 4, NULL),
	(376, 126, 'No', 0, NULL),
	(377, 126, 'Planning to', 2, NULL),
	(378, 126, 'Yes', 4, NULL),
	(379, 127, 'No', 0, NULL),
	(380, 127, 'Planning to', 2, NULL),
	(381, 127, 'Yes', 4, NULL),
	(382, 128, 'No', 0, NULL),
	(383, 128, 'Planning to', 2, NULL),
	(384, 128, 'Yes', 4, NULL),
	(385, 129, 'No', 0, NULL),
	(386, 129, 'Planning to', 2, NULL),
	(387, 129, 'Yes', 4, NULL),
	(388, 130, 'No', 0, NULL),
	(389, 130, 'Planning to', 2, NULL),
	(390, 130, 'Yes', 4, NULL),
	(391, 131, 'No', 0, NULL),
	(392, 131, 'Planning to', 2, NULL),
	(393, 131, 'Yes', 4, NULL),
	(394, 132, 'No', 0, NULL),
	(395, 132, 'Planning to', 2, NULL),
	(396, 132, 'Yes', 4, NULL),
	(397, 133, 'No', 0, NULL),
	(398, 133, 'Planning to', 2, NULL),
	(399, 133, 'Yes', 4, NULL),
	(400, 134, 'No', 0, NULL),
	(401, 134, 'Planning to', 2, NULL),
	(402, 134, 'Yes', 4, NULL),
	(403, 135, 'No', 0, NULL),
	(404, 135, 'Planning to', 2, NULL),
	(405, 135, 'Yes', 4, NULL),
	(442, 148, 'No', 0, NULL),
	(443, 148, 'Planning to', 2, NULL),
	(444, 148, 'Yes', 4, NULL),
	(445, 149, 'No', 0, NULL),
	(446, 149, 'Planning to', 2, NULL),
	(447, 149, 'Yes', 4, NULL),
	(448, 150, 'No', 0, NULL),
	(449, 150, 'Planning to', 2, NULL),
	(450, 150, 'Yes', 4, NULL),
	(451, 151, 'No', 0, NULL),
	(452, 151, 'Planning to', 2, NULL),
	(453, 151, 'Yes', 4, NULL),
	(454, 152, 'No', 0, NULL),
	(455, 152, 'Planning to', 2, NULL),
	(456, 152, 'Yes', 4, NULL),
	(457, 153, 'No', 0, NULL),
	(458, 153, 'Planning to', 2, NULL),
	(459, 153, 'Yes', 4, NULL),
	(460, 154, 'No', 0, NULL),
	(461, 154, 'Planning to', 2, NULL),
	(462, 154, 'Yes', 4, NULL),
	(463, 155, 'No', 0, NULL),
	(464, 155, 'Planning to', 2, NULL),
	(465, 155, 'Yes', 4, NULL),
	(466, 156, 'No', 0, NULL),
	(467, 156, 'Planning to', 2, NULL),
	(468, 156, 'Yes', 4, NULL),
	(469, 157, 'No', 0, NULL),
	(470, 157, 'Planning to', 2, NULL),
	(471, 157, 'Yes', 4, NULL);

INSERT INTO users (user_id, username, email, first_name, last_name, company, position) VALUES 
	(1, 'jward0', 'jward0@miitbeian.gov.cn', 'Jeremy', 'Ward', 'Youbridge', 'Civil Engineer'),
	(2, 'lcarter1', 'lcarter1@blogtalkradio.com', 'Lois', 'Carter', 'Riffwire', 'Librarian'),
	(3, 'lfowler2', 'lfowler2@godaddy.com', 'Lois', 'Fowler', 'Voonix', 'Director of Sales'),
	(4, 'tdunn3', 'tdunn3@myspace.com', 'Terry', 'Dunn', 'Jabbercube', 'Nuclear Power Engineer'),
	(5, 'swheeler4', 'swheeler4@kickstarter.com', 'Susan', 'Wheeler', 'Thoughtstorm', 'Automation Specialist I'),
	(6, 'swhite5', 'swhite5@redcross.org', 'Steven', 'White', 'Oodoo', 'Desktop Support Technician'),
	(7, 'tstanley6', 'tstanley6@webnode.com', 'Teresa', 'Stanley', 'Topdrive', 'Research Nurse'),
	(8, 'amorales7', 'amorales7@1688.com', 'Angela', 'Morales', 'Yata', 'Registered Nurse'),
	(9, 'vdean8', 'vdean8@disqus.com', 'Victor', 'Dean', 'Snaptags', 'Human Resources Manager'),
	(10, 'bmoore9', 'bmoore9@eventbrite.com', 'Brandon', 'Moore', 'Divanoodle', 'Human Resources Assistant II'),
	(11, 'schapmana', 'schapmana@hubpages.com', 'Samuel', 'Chapman', 'Thoughtblab', 'Assistant Manager'),
	(12, 'nadamsb', 'nadamsb@reddit.com', 'Nicole', 'Adams', 'Oyoyo', 'Programmer II'),
	(13, 'dmyersc', 'dmyersc@bloglovin.com', 'Donald', 'Myers', 'Yotz', 'Web Developer II'),
	(14, 'jjamesd', 'jjamesd@theglobeandmail.com', 'Julie', 'James', 'Jabberbean', 'Data Coordiator'),
	(15, 'wrodrigueze', 'wrodrigueze@hp.com', 'Walter', 'Rodriguez', 'Thoughtstorm', 'Web Developer II'),
	(16, 'cfoxf', 'cfoxf@engadget.com', 'Carolyn', 'Fox', 'Shufflester', 'Sales Representative'),
	(17, 'hburkeg', 'hburkeg@columbia.edu', 'Howard', 'Burke', 'Linktype', 'Marketing Assistant'),
	(18, 'ejohnsonh', 'ejohnsonh@timesonline.co.uk', 'Emily', 'Johnson', 'Voonder', 'Assistant Media Planner'),
	(19, 'fhernandezi', 'fhernandezi@hp.com', 'Frank', 'Hernandez', 'Mybuzz', 'Director of Sales'),
	(20, 'kmccoyj', 'kmccoyj@dailymotion.com', 'Kathryn', 'Mccoy', 'Ozu', 'Nuclear Power Engineer'),
	(21, 'jpiercek', 'jpiercek@zimbio.com', 'Johnny', 'Pierce', 'Gigabox', 'Automation Specialist I'),
	(22, 'jbutlerl', 'jbutlerl@pen.io', 'Jeffrey', 'Butler', 'Tagpad', 'Senior Quality Engineer'),
	(23, 'sreedm', 'sreedm@myspace.com', 'Sarah', 'Reed', 'Feedfire', 'Engineer I'),
	(24, 'cblackn', 'cblackn@uiuc.edu', 'Christina', 'Black', 'Yambee', 'Dental Hygienist'),
	(25, 'bbutlero', 'bbutlero@howstuffworks.com', 'Beverly', 'Butler', 'Kamba', 'Recruiter');

INSERT INTO results (result_id, user_id, assessment_id, start_time, end_time) VALUES 
	(1, 5, 1, null, null),
	(2, 6, 1, null, null),
	(3, 13, 1, null, null),
	(4, 20, 1, null, null),
	(5, 15, 1, null, null),
	(6, 18, 1, null, null),
	(7, 2, 1, null, null),
	(8, 11, 1, null, null),
	(9, 20, 1, null, null),
	(10, 14, 1, null, null),
	(11, 6, 1, null, null),
	(12, 6, 1, null, null),
	(13, 13, 1, null, null),
	(14, 15, 1, null, null),
	(15, 24, 1, null, null),
	(16, 8, 1, null, null),
	(17, 12, 1, null, null),
	(18, 6, 1, null, null),
	(19, 11, 1, null, null),
	(20, 24, 1, null, null),
	(21, 16, 1, null, null),
	(22, 12, 1, null, null),
	(23, 16, 1, null, null),
	(24, 2, 1, null, null),
	(25, 16, 1, null, null);

INSERT INTO responses (result_id, question_id, answer_id) VALUES 
	(55, 19, 1),
	(60, 20, 1),
	(61, 21, 1),
	(66, 22, 1),
	(68, 23, 1),
	(70, 24, 1),
	(73, 25, 1),
	(76, 26, 1),
	(80, 27, 1),
	(84, 28, 1),
	(87, 29, 1),
	(88, 30, 1),
	(91, 31, 1),
	(96, 32, 1),
	(97, 33, 1),
	(100, 34, 1),
	(104, 35, 1),
	(106, 36, 1),
	(110, 37, 1),
	(114, 38, 1),
	(116, 39, 1),
	(118, 40, 1),
	(346, 116, 1),
	(350, 117, 1),
	(352, 118, 1),
	(355, 119, 1),
	(359, 120, 1),
	(361, 121, 1),
	(364, 122, 1),
	(367, 123, 1),
	(372, 124, 1),
	(373, 125, 1),
	(376, 126, 1),
	(379, 127, 1),
	(384, 128, 1),
	(385, 129, 1),
	(388, 130, 1),
	(393, 131, 1),
	(394, 132, 1),
	(397, 133, 1),
	(402, 134, 1),
	(442, 148, 1),
	(445, 149, 1),
	(448, 150, 1),
	(451, 151, 1),
	(454, 152, 1),
	(457, 153, 1),
	(460, 154, 1),
	(463, 155, 1),
	(466, 156, 1),
	(469, 157, 1);
