INSERT INTO assessments (assessment_id, description, version) VALUES 
	(1, 'Test data pulled from the assessment draft.', '0.0');

INSERT INTO categories (category_id, description) VALUES 
	(1, 'Portfolio Management'),
	(2, 'Release Management'),
	(3, 'Development'),
	(4, 'Build'),
	(5, 'Environments and Deployment'),
	(6, 'Release Management'),
	(7, 'Operations'),
	(8, 'Configuration Management'),
	(9, 'Data Management'),
	(10, 'Testing'),
	(11, 'Security'),
	(12, 'PM'),
	(13, 'IT Admin');

INSERT INTO subcategories (subcategory_id, category_id, description) VALUES 
	(1, 5, 'Process'),
	(2, 5, 'Tools');

INSERT INTO questions (question_id, assessment_id, category_id, subcategory_id, description, fitness_level) VALUES 
	(1, 1, 1, NULL, 'Is the Portfolio aligned to the Business Architecture?', 1),
	(2, 1, 1, NULL, 'Is the Portfolio aligned to the Data Architecture?', 1),
	(3, 1, 1, NULL, 'Is the Portfolio aligned to the Security Architecture?', 1),
	(4, 1, 1, NULL, 'Is the Portfolio aligned to the Application Architecture?', 1),
	(5, 1, 1, NULL, 'Is the Portfolio aligned to the Technology Architecture?', 1),
	(6, 1, 1, NULL, 'Does the project''s portfolio management process inform the Requirements Management process and the establishment of the Release Trains?', 2),
	(7, 1, 1, NULL, 'Does the project''s portfolio management processes expose gaps, overlaps and redundancies in the solution architecture and help the organization establish its technology Roadmap?', 3),
	(8, 1, 2, NULL, 'Does the project allocate and track requirements throughout the Scrum / Sprint process?', 1),
	(9, 1, 2, NULL, 'Are Release Trains created and matained throughout the development process to capture build / deployment dependencies / sequencing?', 1),
	(10, 1, 2, NULL, 'Does the project factor in Security and Operations requirements into the workpackages of a Scrum/Sprint sequence?', 2),
	(11, 1, 2, NULL, 'Is requirement traceability maintained throughout the development lifecycle?', 3),
	(12, 1, 3, NULL, 'Does the project include static code analysis, unit test and security scans with its nightly CM processes?', 1),
	(13, 1, 3, NULL, 'Does defect velocity inform the maturity of the baseline and used to inform the burndown process completion objectives?', 1),
	(14, 1, 3, NULL, 'Does the project provide Peer Review for code baselines?', 1),
	(15, 1, 3, NULL, 'Do the results of the nightly CM maturity process (static code, scans and unit tests results) inform the burndown process in terms of workload?', 2),
	(16, 1, 3, NULL, 'Does the project perform UI testing as a part of the CM nighty process?', 2),
	(17, 1, 3, NULL, 'Does the project validate test coverage on the build / release process?', 3),
	(18, 1, 3, NULL, 'Does the project perform tests with each Release?', 3),
	(19, 1, 4, NULL, 'Do you build from a repository?', 1),
	(20, 1, 4, NULL, 'Does your system have regular builds?', 1),
	(21, 1, 4, NULL, 'If you answered YES to Question 1.2, What is the frequency of your builds?', 1),
	(22, 1, 4, NULL, 'Is your source code repository integrated with your Continuous Integration(CI) server?', 1),
	(23, 1, 4, NULL, 'If yes, are there build scripts that automate the build process in the CI server?', 1),
	(24, 1, 4, NULL, 'Is your build automated upon code commit (to main branch-post review)?', 1),
	(25, 1, 4, NULL, 'Does your build produce deployable artifacts?', 1),
	(26, 1, 4, NULL, 'Are defects statistics collected on a build basis to help determine code maturity?', 1),
	(27, 1, 4, NULL, 'Are automated static code analyzers used to assess code quality?', 1),
	(28, 1, 4, NULL, 'Are Test Coverage assessments completed for each build?', 1),
	(29, 1, 4, NULL, 'How long does it take to fix broken builds?', 2),
	(30, 1, 4, NULL, 'Do you re-use your build scripts?', 2),
	(31, 1, 4, NULL, 'Are your build dependencies managed?', 2),
	(32, 1, 4, NULL, 'Is your code commit to mainline a daily event?', 2),
	(33, 1, 4, NULL, 'Do static code analyzers inform the maturity assessment of the build process and help to inform the development burndown process?', 2),
	(34, 1, 4, NULL, 'Does defect density inform the maturity assessment of the build process and help to inform the development burn down process?', 2),
	(35, 1, 4, NULL, 'Do test coverage assessmenr inform the maturity assessment of the build process and help to inform the development burn down process?', 2),
	(36, 1, 4, NULL, 'Has your deployment assembly been verified?', 3),
	(37, 1, 4, NULL, 'Do you have and use build metrics?', 3),
	(38, 1, 4, NULL, 'Are integration challenges discussed regularly?', 3),
	(39, 1, 4, NULL, 'Are Integration problems resolved through automation, faster feedback, and better visibility?', 3),
	(40, 1, 4, NULL, 'Does build maturity assessment inform build quality and impact work burndown activities?', 3),
	(41, 1, 5, 1, 'Are all of your environments configurations externalized and versioned?', 1),
	(42, 1, 5, 1, 'Is your deployment process singular for all environments?', 1),
	(43, 1, 5, NULL, 'Do you have a deployment history that is successful and illustrates the teams ability to eliminate the root cause?', 1),
	(44, 1, 5, 2, 'Have you implemented a Continuous Delivery pipeline?', 1),
	(45, 1, 5, NULL, 'Are defects statistics collected on environment and deployments basis to help determine build maturity?', 1),
	(46, 1, 5, NULL, 'Does the project understand the level of Open Source usage risk?', 1),
	(47, 1, 5, NULL, 'Is your code committed to mainline a daily event?', 2),
	(49, 1, 5, NULL, 'Are your deployable environments inexpensive and scalable?', 2),
	(50, 1, 5, NULL, 'Do you have an exceptions management process for non-standard peripherals?', 2),
	(51, 1, 5, NULL, 'Is your infrastructure code based?', 2),
	(52, 1, 5, NULL, 'DO you have a fully autoamted ''push-button'' process for deploying software?', 2),
	(53, 1, 5, NULL, 'Does defect density inform the maturity assessment of the deployment process and help to inform the development burndown process?', 2),
	(54, 1, 5, NULL, 'Does the project use Open Source risk assessment tools?', 2),
	(55, 1, 5, NULL, 'Are security assessments performed as a element of each deployment?', 2),
	(56, 1, 5, NULL, 'Does the project proactively assess the CMDB (DEV to TEST to PROD)?', 2),
	(57, 1, 5, NULL, 'Are integration challenges discussed regularly?', 3),
	(58, 1, 5, NULL, 'Have releases and rollbacks been fully tested?', 3),
	(59, 1, 5, NULL, 'Is environment and dependacy provisioing fully automated?', 3),
	(60, 1, 5, NULL, 'Once your application has been built can it be deployed to any operating environment?', 3),
	(61, 1, 5, NULL, 'Does build maturity assessment inform deployment quality and impact work burndown activities?', 3),
	(62, 1, 5, NULL, 'Does the project use Open Source risk assessment tools to help elminate open source vulnerabilities and establish upgrade path for these components of the solution?', 3),
	(63, 1, 5, NULL, 'Does the project use an active CMBD model to inform environment settings?', 3),
	(65, 1, 6, NULL, 'Change Management of all assets?', 1),
	(66, 1, 6, NULL, 'Peer Reviewed Change Management Process?', 1),
	(67, 1, 6, NULL, 'Traced Requirements?', 1),
	(68, 1, 6, NULL, 'History of reliable releases?', 1),
	(69, 1, 6, NULL, 'Regulatory Compliance?', 1),
	(70, 1, 6, NULL, 'Is the release Maturity known across the build and deployents that may make up a Release?', 1),
	(71, 1, 6, NULL, 'Have the projects Deployment Dependencies and build sequencing been factored into the release processes?', 1),
	(72, 1, 6, NULL, 'Is each released scanned from a Securiy Vulnerability perspective?', 1),
	(73, 1, 6, NULL, 'Application Health Monitored?', 2),
	(74, 1, 6, NULL, 'Environment Health Monitored?', 2),
	(75, 1, 6, NULL, 'Does the project capture and maintain Performance results to inform Operations Monitoring?', 2),
	(76, 1, 6, NULL, 'Does the Release Maturity assessment inform the Release readiness and burndown workload processes?', 2),
	(77, 1, 6, NULL, 'Does the Release Security assessment inform the Release readiness and burndown workload processes?', 2),
	(78, 1, 6, NULL, 'Cycle Time Monitored', 3),
	(79, 1, 6, NULL, 'Application & Environment health proactively managed', 3),
	(80, 1, 6, NULL, 'High Trust organizational structure', 3),
	(81, 1, 6, NULL, 'Operations and Delivery teams meet regularily to reduce risks and cycle times', 3),
	(82, 1, 6, NULL, 'Customer value is delivered with transparency and safety', 3),
	(83, 1, 6, NULL, 'Value feedbacks are used such as Canary releases, B/G deployments', 3),
	(84, 1, 6, NULL, 'Does the project Performance results establish tipoffs for Operations Monitoring?', 3),
	(85, 1, 6, NULL, 'Does the Release Maturity inform the Release readiness and burndown workload processes?', 3),
	(86, 1, 7, NULL, 'Does the project track and inform burndown development with Defect Escape assessment results?', 1),
	(87, 1, 7, NULL, 'Does the project proactive control all changes to their environments?  (no individual remote login changes supported without NOC alerting)?', 1),
	(88, 1, 7, NULL, 'Does the project actively validate CMDB across the enterprise DEV, TEST and PROD to ensure environment concsitencies?', 1),
	(89, 1, 7, NULL, 'Does the project capture and maintain version control for all scripts that support environment build and deployments?', 1),
	(90, 1, 7, NULL, 'Does the project link all changes to operations tickets in terms of Change Management activities?', 2),
	(91, 1, 7, NULL, 'Does the project maintain active CMDB models to maintain alignment of the various environments maintained across the enterprise?', 2),
	(92, 1, 7, NULL, 'Does the project effectively monitor health, status and performance of the solution informed by testing results?', 3),
	(93, 1, 7, NULL, 'Are the Disaster Recovery processes defined, updated, validated and tested on a regular basis?', 3),
	(94, 1, 8, NULL, 'Version control for everything (code is code, scripts as code)', 1),
	(95, 1, 8, NULL, 'Frequent (< 48hrs) Code checkins to mainline', 1),
	(96, 1, 8, NULL, 'Branching only used for specialized purposes (e.g. A/B, Canary, Fail forward)', 1),
	(97, 1, 8, NULL, 'Version Control policies determined by change management process', 2),
	(98, 1, 8, NULL, 'Daily code / script checkins to mainline', 2),
	(99, 1, 8, NULL, 'All dependancies are managed (automatically)', 2),
	(100, 1, 8, NULL, 'Branching only for releases or none at all', 3),
	(101, 1, 8, NULL, 'Auditable change management process - Visibility of all change should be readily avaialable to all stakeholders at all time', 3),
	(102, 1, 8, NULL, 'Manage and version everything related to system (Allcode and scripts to include - build, deployment, infrastructure and DB)', 3),
	(103, 1, 8, NULL, 'Ability to reproduce historical states (date/time depending upon retention policies)', 3),
	(104, 1, 8, NULL, 'Regular review and validation of Change Mangement process', 3),
	(105, 1, 8, NULL, 'Experimentation, risk taking and a culture of learning (scientific methods, engineering processes)', 3),
	(106, 1, 8, NULL, 'Maintenance of CMDB models for all environments within the enterprise', 3),
	(107, 1, 9, NULL, 'Versioned database scripts', 1),
	(108, 1, 9, NULL, 'Automated change scripts', 1),
	(109, 1, 9, NULL, 'Version control of test data including up and down stream data for testing', 1),
	(110, 1, 9, NULL, 'Database rollbacks tested', 2),
	(111, 1, 9, NULL, 'Database upgrades tested', 2),
	(112, 1, 9, NULL, 'Database performance optimized and continuosly monitored', 3),
	(113, 1, 9, NULL, 'Database release feedback loop and process improvements', 3),
	(114, 1, 9, NULL, 'Value data as if it were code', 3),
	(115, 1, 9, NULL, 'Master data model maintenance for managing data pedigree, defintions and data validation / integrity rules.', 3),
	(116, 1, 10, NULL, 'Do all test scripts reside in a version control repository?', 1),
	(117, 1, 10, NULL, 'Automated functional and interface testing?', 1),
	(118, 1, 10, NULL, 'Automated unit tests for each user story?', 1),
	(119, 1, 10, NULL, 'Are test and development integrated?', 1),
	(120, 1, 10, NULL, 'Are upstream and downstream tests performed?', 1),
	(121, 1, 10, NULL, 'Is Defect velocity used as a measurement of maturity?', 1),
	(122, 1, 10, NULL, 'Smoke tests automated?', 2),
	(123, 1, 10, NULL, 'Automated acceptance tests for each user story?', 2),
	(124, 1, 10, NULL, 'Automated regression tests?', 2),
	(125, 1, 10, NULL, 'Are upstream and downstream tests performed for each build?', 2),
	(126, 1, 10, NULL, 'Are defects density metrics used to determine qaulity and inform burndown workload processes?', 2),
	(127, 1, 10, NULL, 'Are Defects are found immediatley?', 3),
	(128, 1, 10, NULL, 'Are non-functional requirements defined and measured?', 3),
	(129, 1, 10, NULL, 'Are produciton rollbacks rare?', 3),
	(130, 1, 10, NULL, 'Is A/B testing used?', 3),
	(131, 1, 10, NULL, 'Has there been customer discovery and validation?', 3),
	(132, 1, 10, NULL, 'Is the system validated that it works as intended - customer value?', 3),
	(133, 1, 10, NULL, 'Are quality trends tracked and discussed?', 3),
	(134, 1, 10, NULL, 'Is performance testing completed and used to inform operations monitoring?', 3),
	(135, 1, 10, NULL, 'Is DR and Rollback tested and verify in each Release?', 3),
	(136, 1, 11, NULL, 'Are all assets in monitoring system? Continuously?', 1),
	(137, 1, 11, NULL, 'Are all assests scannable and have a baseline?', 1),
	(138, 1, 11, NULL, 'Do you conduct regularly-scheduled penetration testing?', 1),
	(139, 1, 11, NULL, 'Do you have a security plan or roadmap?', 1),
	(140, 1, 11, NULL, 'Is your security plan incorporated into your SELC?', 1),
	(141, 1, 11, NULL, 'Do you have personnel devoted to security-specific tasks?', 1),
	(142, 1, 11, NULL, 'Are security requirements integrated into all development, project and support initiatives?', 1),
	(143, 1, 11, NULL, 'Is each build scanned for security vulnerabilities and do these vulnerabiites inform the burndown workload process?', 1),
	(144, 1, 11, NULL, 'Is each releaseenvironment scanned for security vulnerabilities and do these vulnerabiites inform the burndown workloadprocess?', 1),
	(145, 1, 11, NULL, 'Are their security assessments for securing data in motion /  at rest?', 1),
	(146, 1, 11, NULL, 'Are ACLs and Role Based access validated in each Release?', 1),
	(147, 1, 11, NULL, 'Are Certificates connecting environments assessed and valdiated periodically?', 1),
	(148, 1, 12, NULL, 'Is Project Management treated as a unique discipline within your IT organization?', 1),
	(149, 1, 12, NULL, 'Has your IT organization defined a manager for all IT PMs?', 1),
	(150, 1, 12, NULL, 'Are PM-related skills a distinct part of your IT skills inventory?', 1),
	(151, 1, 12, NULL, 'Is your organization involved with industry-standard groups like Project Management Institute?', 1),
	(152, 1, 12, NULL, 'Are projects funded out of a separate IT budget?', 1),
	(153, 1, 12, NULL, 'Is project cost tracking integrated into your overall IT financial management structure?', 1),
	(154, 1, 12, NULL, 'Do you conduct post-implementation reviews?', 1),
	(155, 1, 12, NULL, 'Are the results of your PIRs used as learnings for future projects?', 1),
	(156, 1, 12, NULL, 'Are fact based estimates used to qualify effort and are actuals used to inform the estimation process?', 1),
	(157, 1, 12, NULL, 'Is a skills inventory maintained along with quality assessments at the individual level to inform continuous training objectives and improve code quality?', 1),
	(158, 1, 13, NULL, 'Is IT accountable for the IT budgeting process?', 1),
	(159, 1, 13, NULL, 'Is Financial Management treated as a unique discipline within your IT organization?', 1),
	(160, 1, 13, NULL, 'Does your IT department use a chargeback system to allocate costs?', 1),
	(161, 1, 13, NULL, 'Has your IT organization defined and implemented a Financial Manager role?', 1),
	(162, 1, 13, NULL, 'Are Financial Management skills a distinct part of your IT skills inventory?', 1),
	(163, 1, 13, NULL, 'Do you use software to track and report on IT financial performance?', 1),
	(164, 1, 13, NULL, 'Does your IT department subscribe to published IT Financial Management processes?', 1),
	(165, 1, 13, NULL, 'Is Financial Management involved in project and operational planning?', 1),
	(166, 1, 13, NULL, 'Have you implemented Service Level Agreements for the core business services provided by IT?', 2),
	(167, 1, 13, NULL, 'Have you implemented Service Level Agreements for the external services either provided by or for IT?', 2),
	(168, 1, 13, NULL, 'Are your lines of business involved in SLA-related negotiations?', 2),
	(169, 1, 13, NULL, 'Has your IT organization defined a unique SLA management role?', 2),
	(170, 1, 13, NULL, 'Is SLA compliance enforced?', 2),
	(171, 1, 13, NULL, 'Are non-compliance consequences published throughout your organization?', 2),
	(172, 1, 13, NULL, 'Are your IT hiring processes different from non-IT hiring processes?', 3),
	(173, 1, 13, NULL, 'Are your IT hiring processes documented?', 3),
	(174, 1, 13, NULL, 'Is there a defined career path for IT staff?', 3),
	(175, 1, 13, NULL, 'Do you actively solicit feedback from employees through surveys and other similar means?', 3);


INSERT INTO answers (answer_id, question_id, description, value, recommendation) VALUES 
	(1, 1, 'No', 0, NULL),
	(2, 1, 'Planning to', 2, NULL),
	(3, 1, 'Yes', 4, NULL),
	(4, 2, 'No', 0, NULL),
	(5, 2, 'Planning to', 2, NULL),
	(6, 2, 'Yes', 4, NULL),
	(7, 3, 'No', 0, NULL),
	(8, 3, 'Planning to', 2, NULL),
	(9, 3, 'Yes', 4, NULL),
	(10, 4, 'No', 0, NULL),
	(11, 4, 'Planning to', 2, NULL),
	(12, 4, 'Yes', 4, NULL),
	(13, 5, 'No', 0, NULL),
	(14, 5, 'Planning to', 2, NULL),
	(15, 5, 'Yes', 4, NULL),
	(16, 6, 'No', 0, NULL),
	(17, 6, 'Planning to', 2, NULL),
	(18, 6, 'Yes', 4, NULL),
	(19, 7, 'No', 0, NULL),
	(20, 7, 'Planning to', 2, NULL),
	(21, 7, 'Yes', 4, NULL),
	(22, 8, 'No', 0, NULL),
	(23, 8, 'Planning to', 2, NULL),
	(24, 8, 'Yes', 4, NULL),
	(25, 9, 'No', 0, NULL),
	(26, 9, 'Planning to', 2, NULL),
	(27, 9, 'Yes', 4, NULL),
	(28, 10, 'No', 0, NULL),
	(29, 10, 'Planning to', 2, NULL),
	(30, 10, 'Yes', 4, NULL),
	(31, 11, 'No', 0, NULL),
	(32, 11, 'Planning to', 2, NULL),
	(33, 11, 'Yes', 4, NULL),
	(34, 12, 'No', 0, NULL),
	(35, 12, 'Planning to', 2, NULL),
	(36, 12, 'Yes', 4, NULL),
	(37, 13, 'No', 0, NULL),
	(38, 13, 'Planning to', 2, NULL),
	(39, 13, 'Yes', 4, NULL),
	(40, 14, 'No', 0, NULL),
	(41, 14, 'Planning to', 2, NULL),
	(42, 14, 'Yes', 4, NULL),
	(43, 15, 'No', 0, NULL),
	(44, 15, 'Planning to', 2, NULL),
	(45, 15, 'Yes', 4, NULL),
	(46, 16, 'No', 0, NULL),
	(47, 16, 'Planning to', 2, NULL),
	(48, 16, 'Yes', 4, NULL),
	(49, 17, 'No', 0, NULL),
	(50, 17, 'Planning to', 2, NULL),
	(51, 17, 'Yes', 4, NULL),
	(52, 18, 'No', 0, NULL),
	(53, 18, 'Planning to', 2, NULL),
	(54, 18, 'Yes', 4, NULL),
	(55, 19, 'No', 0, 'Start consolidating your code to an SCM solution (GIT, SVN, Dimension, etc) plan for daily check ins into the repository.'),
	(56, 19, 'Planning to', 2, NULL),
	(57, 19, 'Yes', 4, NULL),
	(58, 20, 'No', 0, 'Begin to think about automation'),
	(59, 20, 'Planning to', 2, NULL),
	(60, 20, 'Yes', 4, NULL),
	(61, 21, 'Monthly', 0, 'Aim towards weekly and ideally Daily builds, Goal is to deploy at a max. every 2 weeks'),
	(62, 21, 'Weekly', 2, NULL),
	(63, 21, 'Daily', 4, NULL),
	(64, 22, 'No', 0, 'Use of web-hooks, API''s, CI server plugins can link your repository and CI server.'),
	(65, 22, 'Planning to', 2, NULL),
	(66, 22, 'Yes', 4, NULL),
	(67, 23, 'No', 0, 'Builds should run on every code check-in to repository automatically via build scripts, CI server project configurations.'),
	(68, 23, 'Planning to', 2, NULL),
	(69, 23, 'Yes', 4, NULL),
	(70, 24, 'No', 0, 'Builds should run on every code check-in to repository automatically via build scripts, CI server project configurations.'),
	(71, 24, 'Planning to', 2, NULL),
	(72, 24, 'Yes', 4, NULL);
	(73, 25, 'No', 0, NULL),
	(74, 25, 'Planning to', 2, NULL),
	(75, 25, 'Yes', 4, NULL),
	(76, 26, 'No', 0, NULL),
	(77, 26, 'Planning to', 2, NULL),
	(78, 26, 'Yes', 4, NULL),
	(79, 27, 'No', 0, NULL),
	(80, 27, 'Planning to', 2, NULL),
	(81, 27, 'Yes', 4, NULL),
	(82, 28, 'No', 0, NULL),
	(83, 28, 'Planning to', 2, NULL),
	(84, 28, 'Yes', 4, NULL),
	(85, 29, 'No', 0, NULL),
	(86, 29, 'Planning to', 2, NULL),
	(87, 29, 'Yes', 4, NULL),
	(88, 30, 'No', 0, NULL),
	(89, 30, 'Planning to', 2, NULL),
	(90, 30, 'Yes', 4, NULL),
	(91, 31, 'No', 0, NULL),
	(92, 31, 'Planning to', 2, NULL),
	(93, 31, 'Yes', 4, NULL),
	(94, 32, 'No', 0, NULL),
	(95, 32, 'Planning to', 2, NULL),
	(96, 32, 'Yes', 4, NULL),
	(97, 33, 'No', 0, NULL),
	(98, 33, 'Planning to', 2, NULL),
	(99, 33, 'Yes', 4, NULL),
	(100, 34, 'No', 0, NULL),
	(101, 34, 'Planning to', 2, NULL),
	(102, 34, 'Yes', 4, NULL),
	(103, 35, 'No', 0, NULL),
	(104, 35, 'Planning to', 2, NULL),
	(105, 35, 'Yes', 4, NULL),
	(106, 36, 'No', 0, NULL),
	(107, 36, 'Planning to', 2, NULL),
	(108, 36, 'Yes', 4, NULL),
	(109, 37, 'No', 0, NULL),
	(110, 37, 'Planning to', 2, NULL),
	(111, 37, 'Yes', 4, NULL),
	(112, 38, 'No', 0, NULL),
	(113, 38, 'Planning to', 2, NULL),
	(114, 38, 'Yes', 4, NULL),
	(115, 39, 'No', 0, NULL),
	(116, 39, 'Planning to', 2, NULL),
	(117, 39, 'Yes', 4, NULL),
	(118, 40, 'No', 0, NULL),
	(119, 40, 'Planning to', 2, NULL),
	(120, 40, 'Yes', 4, NULL),
	(121, 41, 'No', 0, NULL),
	(122, 41, 'Planning to', 2, NULL),
	(123, 41, 'Yes', 4, NULL),
	(124, 42, 'No', 0, NULL),
	(125, 42, 'Planning to', 2, NULL),
	(126, 42, 'Yes', 4, NULL),
	(127, 43, 'No', 0, NULL),
	(128, 43, 'Planning to', 2, NULL),
	(129, 43, 'Yes', 4, NULL),
	(130, 44, 'No', 0, NULL),
	(131, 44, 'Planning to', 2, NULL),
	(132, 44, 'Yes', 4, NULL),
	(133, 45, 'No', 0, NULL),
	(134, 45, 'Planning to', 2, NULL),
	(135, 45, 'Yes', 4, NULL),
	(136, 46, 'No', 0, NULL),
	(137, 46, 'Planning to', 2, NULL),
	(138, 46, 'Yes', 4, NULL),
	(139, 47, 'No', 0, NULL),
	(140, 47, 'Planning to', 2, NULL),
	(141, 47, 'Yes', 4, NULL),
	(145, 49, 'No', 0, NULL),
	(146, 49, 'Planning to', 2, NULL),
	(147, 49, 'Yes', 4, NULL),
	(148, 50, 'No', 0, NULL),
	(149, 50, 'Planning to', 2, NULL),
	(150, 50, 'Yes', 4, NULL),
	(151, 51, 'No', 0, NULL),
	(152, 51, 'Planning to', 2, NULL),
	(153, 51, 'Yes', 4, NULL),
	(154, 52, 'No', 0, NULL),
	(155, 52, 'Planning to', 2, NULL),
	(156, 52, 'Yes', 4, NULL),
	(157, 53, 'No', 0, NULL),
	(158, 53, 'Planning to', 2, NULL),
	(159, 53, 'Yes', 4, NULL),
	(160, 54, 'No', 0, NULL),
	(161, 54, 'Planning to', 2, NULL),
	(162, 54, 'Yes', 4, NULL),
	(163, 55, 'No', 0, NULL),
	(164, 55, 'Planning to', 2, NULL),
	(165, 55, 'Yes', 4, NULL),
	(166, 56, 'No', 0, NULL),
	(167, 56, 'Planning to', 2, NULL),
	(168, 56, 'Yes', 4, NULL),
	(169, 57, 'No', 0, NULL),
	(170, 57, 'Planning to', 2, NULL),
	(171, 57, 'Yes', 4, NULL),
	(172, 58, 'No', 0, NULL),
	(173, 58, 'Planning to', 2, NULL),
	(174, 58, 'Yes', 4, NULL),
	(175, 59, 'No', 0, NULL),
	(176, 59, 'Planning to', 2, NULL),
	(177, 59, 'Yes', 4, NULL),
	(178, 60, 'No', 0, NULL),
	(179, 60, 'Planning to', 2, NULL),
	(180, 60, 'Yes', 4, NULL),
	(181, 61, 'No', 0, NULL),
	(182, 61, 'Planning to', 2, NULL),
	(183, 61, 'Yes', 4, NULL),
	(184, 62, 'No', 0, NULL),
	(185, 62, 'Planning to', 2, NULL),
	(186, 62, 'Yes', 4, NULL),
	(187, 63, 'No', 0, NULL),
	(188, 63, 'Planning to', 2, NULL),
	(189, 63, 'Yes', 4, NULL),
	(193, 65, 'No', 0, NULL),
	(194, 65, 'Planning to', 2, NULL),
	(195, 65, 'Yes', 4, NULL),
	(196, 66, 'No', 0, NULL),
	(197, 66, 'Planning to', 2, NULL),
	(198, 66, 'Yes', 4, NULL),
	(199, 67, 'No', 0, NULL),
	(200, 67, 'Planning to', 2, NULL),
	(201, 67, 'Yes', 4, NULL),
	(202, 68, 'No', 0, NULL),
	(203, 68, 'Planning to', 2, NULL),
	(204, 68, 'Yes', 4, NULL),
	(205, 69, 'No', 0, NULL),
	(206, 69, 'Planning to', 2, NULL),
	(207, 69, 'Yes', 4, NULL),
	(208, 70, 'No', 0, NULL),
	(209, 70, 'Planning to', 2, NULL),
	(210, 70, 'Yes', 4, NULL),
	(211, 71, 'No', 0, NULL),
	(212, 71, 'Planning to', 2, NULL),
	(213, 71, 'Yes', 4, NULL),
	(214, 72, 'No', 0, NULL),
	(215, 72, 'Planning to', 2, NULL),
	(216, 72, 'Yes', 4, NULL),
	(217, 73, 'No', 0, NULL),
	(218, 73, 'Planning to', 2, NULL),
	(219, 73, 'Yes', 4, NULL),
	(220, 74, 'No', 0, NULL),
	(221, 74, 'Planning to', 2, NULL),
	(222, 74, 'Yes', 4, NULL),
	(223, 75, 'No', 0, NULL),
	(224, 75, 'Planning to', 2, NULL),
	(225, 75, 'Yes', 4, NULL),
	(226, 76, 'No', 0, NULL),
	(227, 76, 'Planning to', 2, NULL),
	(228, 76, 'Yes', 4, NULL),
	(229, 77, 'No', 0, NULL),
	(230, 77, 'Planning to', 2, NULL),
	(231, 77, 'Yes', 4, NULL),
	(232, 78, 'No', 0, NULL),
	(233, 78, 'Planning to', 2, NULL),
	(234, 78, 'Yes', 4, NULL),
	(235, 79, 'No', 0, NULL),
	(236, 79, 'Planning to', 2, NULL),
	(237, 79, 'Yes', 4, NULL),
	(238, 80, 'No', 0, NULL),
	(239, 80, 'Planning to', 2, NULL),
	(240, 80, 'Yes', 4, NULL),
	(241, 81, 'No', 0, NULL),
	(242, 81, 'Planning to', 2, NULL),
	(243, 81, 'Yes', 4, NULL),
	(244, 82, 'No', 0, NULL),
	(245, 82, 'Planning to', 2, NULL),
	(246, 82, 'Yes', 4, NULL),
	(247, 83, 'No', 0, NULL),
	(248, 83, 'Planning to', 2, NULL),
	(249, 83, 'Yes', 4, NULL),
	(250, 84, 'No', 0, NULL),
	(251, 84, 'Planning to', 2, NULL),
	(252, 84, 'Yes', 4, NULL),
	(253, 85, 'No', 0, NULL),
	(254, 85, 'Planning to', 2, NULL),
	(255, 85, 'Yes', 4, NULL),
	(256, 86, 'No', 0, NULL),
	(257, 86, 'Planning to', 2, NULL),
	(258, 86, 'Yes', 4, NULL),
	(259, 87, 'No', 0, NULL),
	(260, 87, 'Planning to', 2, NULL),
	(261, 87, 'Yes', 4, NULL),
	(262, 88, 'No', 0, NULL),
	(263, 88, 'Planning to', 2, NULL),
	(264, 88, 'Yes', 4, NULL),
	(265, 89, 'No', 0, NULL),
	(266, 89, 'Planning to', 2, NULL),
	(267, 89, 'Yes', 4, NULL),
	(268, 90, 'No', 0, NULL),
	(269, 90, 'Planning to', 2, NULL),
	(270, 90, 'Yes', 4, NULL),
	(271, 91, 'No', 0, NULL),
	(272, 91, 'Planning to', 2, NULL),
	(273, 91, 'Yes', 4, NULL),
	(274, 92, 'No', 0, NULL),
	(275, 92, 'Planning to', 2, NULL),
	(276, 92, 'Yes', 4, NULL),
	(277, 93, 'No', 0, NULL),
	(278, 93, 'Planning to', 2, NULL),
	(279, 93, 'Yes', 4, NULL),
	(280, 94, 'No', 0, NULL),
	(281, 94, 'Planning to', 2, NULL),
	(282, 94, 'Yes', 4, NULL),
	(283, 95, 'No', 0, NULL),
	(284, 95, 'Planning to', 2, NULL),
	(285, 95, 'Yes', 4, NULL),
	(286, 96, 'No', 0, NULL),
	(287, 96, 'Planning to', 2, NULL),
	(288, 96, 'Yes', 4, NULL),
	(289, 97, 'No', 0, NULL),
	(290, 97, 'Planning to', 2, NULL),
	(291, 97, 'Yes', 4, NULL),
	(292, 98, 'No', 0, NULL),
	(293, 98, 'Planning to', 2, NULL),
	(294, 98, 'Yes', 4, NULL),
	(295, 99, 'No', 0, NULL),
	(296, 99, 'Planning to', 2, NULL),
	(297, 99, 'Yes', 4, NULL),
	(298, 100, 'No', 0, NULL),
	(299, 100, 'Planning to', 2, NULL),
	(300, 100, 'Yes', 4, NULL),
	(301, 101, 'No', 0, NULL),
	(302, 101, 'Planning to', 2, NULL),
	(303, 101, 'Yes', 4, NULL),
	(304, 102, 'No', 0, NULL),
	(305, 102, 'Planning to', 2, NULL),
	(306, 102, 'Yes', 4, NULL),
	(307, 103, 'No', 0, NULL),
	(308, 103, 'Planning to', 2, NULL),
	(309, 103, 'Yes', 4, NULL),
	(310, 104, 'No', 0, NULL),
	(311, 104, 'Planning to', 2, NULL),
	(312, 104, 'Yes', 4, NULL),
	(313, 105, 'No', 0, NULL),
	(314, 105, 'Planning to', 2, NULL),
	(315, 105, 'Yes', 4, NULL),
	(316, 106, 'No', 0, NULL),
	(317, 106, 'Planning to', 2, NULL),
	(318, 106, 'Yes', 4, NULL),
	(319, 107, 'No', 0, NULL),
	(320, 107, 'Planning to', 2, NULL),
	(321, 107, 'Yes', 4, NULL),
	(322, 108, 'No', 0, NULL),
	(323, 108, 'Planning to', 2, NULL),
	(324, 108, 'Yes', 4, NULL),
	(325, 109, 'No', 0, NULL),
	(326, 109, 'Planning to', 2, NULL),
	(327, 109, 'Yes', 4, NULL),
	(328, 110, 'No', 0, NULL),
	(329, 110, 'Planning to', 2, NULL),
	(330, 110, 'Yes', 4, NULL),
	(331, 111, 'No', 0, NULL),
	(332, 111, 'Planning to', 2, NULL),
	(333, 111, 'Yes', 4, NULL),
	(334, 112, 'No', 0, NULL),
	(335, 112, 'Planning to', 2, NULL),
	(336, 112, 'Yes', 4, NULL),
	(337, 113, 'No', 0, NULL),
	(338, 113, 'Planning to', 2, NULL),
	(339, 113, 'Yes', 4, NULL),
	(340, 114, 'No', 0, NULL),
	(341, 114, 'Planning to', 2, NULL),
	(342, 114, 'Yes', 4, NULL),
	(343, 115, 'No', 0, NULL),
	(344, 115, 'Planning to', 2, NULL),
	(345, 115, 'Yes', 4, NULL),
	(346, 116, 'No', 0, NULL),
	(347, 116, 'Planning to', 2, NULL),
	(348, 116, 'Yes', 4, NULL),
	(349, 117, 'No', 0, NULL),
	(350, 117, 'Planning to', 2, NULL),
	(351, 117, 'Yes', 4, NULL),
	(352, 118, 'No', 0, NULL),
	(353, 118, 'Planning to', 2, NULL),
	(354, 118, 'Yes', 4, NULL),
	(355, 119, 'No', 0, NULL),
	(356, 119, 'Planning to', 2, NULL),
	(357, 119, 'Yes', 4, NULL),
	(358, 120, 'No', 0, NULL),
	(359, 120, 'Planning to', 2, NULL),
	(360, 120, 'Yes', 4, NULL),
	(361, 121, 'No', 0, NULL),
	(362, 121, 'Planning to', 2, NULL),
	(363, 121, 'Yes', 4, NULL),
	(364, 122, 'No', 0, NULL),
	(365, 122, 'Planning to', 2, NULL),
	(366, 122, 'Yes', 4, NULL),
	(367, 123, 'No', 0, NULL),
	(368, 123, 'Planning to', 2, NULL),
	(369, 123, 'Yes', 4, NULL),
	(370, 124, 'No', 0, NULL),
	(371, 124, 'Planning to', 2, NULL),
	(372, 124, 'Yes', 4, NULL),
	(373, 125, 'No', 0, NULL),
	(374, 125, 'Planning to', 2, NULL),
	(375, 125, 'Yes', 4, NULL),
	(376, 126, 'No', 0, NULL),
	(377, 126, 'Planning to', 2, NULL),
	(378, 126, 'Yes', 4, NULL),
	(379, 127, 'No', 0, NULL),
	(380, 127, 'Planning to', 2, NULL),
	(381, 127, 'Yes', 4, NULL),
	(382, 128, 'No', 0, NULL),
	(383, 128, 'Planning to', 2, NULL),
	(384, 128, 'Yes', 4, NULL),
	(385, 129, 'No', 0, NULL),
	(386, 129, 'Planning to', 2, NULL),
	(387, 129, 'Yes', 4, NULL),
	(388, 130, 'No', 0, NULL),
	(389, 130, 'Planning to', 2, NULL),
	(390, 130, 'Yes', 4, NULL),
	(391, 131, 'No', 0, NULL),
	(392, 131, 'Planning to', 2, NULL),
	(393, 131, 'Yes', 4, NULL),
	(394, 132, 'No', 0, NULL),
	(395, 132, 'Planning to', 2, NULL),
	(396, 132, 'Yes', 4, NULL),
	(397, 133, 'No', 0, NULL),
	(398, 133, 'Planning to', 2, NULL),
	(399, 133, 'Yes', 4, NULL),
	(400, 134, 'No', 0, NULL),
	(401, 134, 'Planning to', 2, NULL),
	(402, 134, 'Yes', 4, NULL),
	(403, 135, 'No', 0, NULL),
	(404, 135, 'Planning to', 2, NULL),
	(405, 135, 'Yes', 4, NULL),
	(406, 136, 'No', 0, NULL),
	(407, 136, 'Planning to', 2, NULL),
	(408, 136, 'Yes', 4, NULL),
	(409, 137, 'No', 0, NULL),
	(410, 137, 'Planning to', 2, NULL),
	(411, 137, 'Yes', 4, NULL),
	(412, 138, 'No', 0, NULL),
	(413, 138, 'Planning to', 2, NULL),
	(414, 138, 'Yes', 4, NULL),
	(415, 139, 'No', 0, NULL),
	(416, 139, 'Planning to', 2, NULL),
	(417, 139, 'Yes', 4, NULL),
	(418, 140, 'No', 0, NULL),
	(419, 140, 'Planning to', 2, NULL),
	(420, 140, 'Yes', 4, NULL),
	(421, 141, 'No', 0, NULL),
	(422, 141, 'Planning to', 2, NULL),
	(423, 141, 'Yes', 4, NULL),
	(424, 142, 'No', 0, NULL),
	(425, 142, 'Planning to', 2, NULL),
	(426, 142, 'Yes', 4, NULL),
	(427, 143, 'No', 0, NULL),
	(428, 143, 'Planning to', 2, NULL),
	(429, 143, 'Yes', 4, NULL),
	(430, 144, 'No', 0, NULL),
	(431, 144, 'Planning to', 2, NULL),
	(432, 144, 'Yes', 4, NULL),
	(433, 145, 'No', 0, NULL),
	(434, 145, 'Planning to', 2, NULL),
	(435, 145, 'Yes', 4, NULL),
	(436, 146, 'No', 0, NULL),
	(437, 146, 'Planning to', 2, NULL),
	(438, 146, 'Yes', 4, NULL),
	(439, 147, 'No', 0, NULL),
	(440, 147, 'Planning to', 2, NULL),
	(441, 147, 'Yes', 4, NULL),
	(442, 148, 'No', 0, NULL),
	(443, 148, 'Planning to', 2, NULL),
	(444, 148, 'Yes', 4, NULL),
	(445, 149, 'No', 0, NULL),
	(446, 149, 'Planning to', 2, NULL),
	(447, 149, 'Yes', 4, NULL),
	(448, 150, 'No', 0, NULL),
	(449, 150, 'Planning to', 2, NULL),
	(450, 150, 'Yes', 4, NULL),
	(451, 151, 'No', 0, NULL),
	(452, 151, 'Planning to', 2, NULL),
	(453, 151, 'Yes', 4, NULL),
	(454, 152, 'No', 0, NULL),
	(455, 152, 'Planning to', 2, NULL),
	(456, 152, 'Yes', 4, NULL),
	(457, 153, 'No', 0, NULL),
	(458, 153, 'Planning to', 2, NULL),
	(459, 153, 'Yes', 4, NULL),
	(460, 154, 'No', 0, NULL),
	(461, 154, 'Planning to', 2, NULL),
	(462, 154, 'Yes', 4, NULL),
	(463, 155, 'No', 0, NULL),
	(464, 155, 'Planning to', 2, NULL),
	(465, 155, 'Yes', 4, NULL),
	(466, 156, 'No', 0, NULL),
	(467, 156, 'Planning to', 2, NULL),
	(468, 156, 'Yes', 4, NULL),
	(469, 157, 'No', 0, NULL),
	(470, 157, 'Planning to', 2, NULL),
	(471, 157, 'Yes', 4, NULL),
	(472, 158, 'No', 0, NULL),
	(473, 158, 'Planning to', 2, NULL),
	(474, 158, 'Yes', 4, NULL),
	(475, 159, 'No', 0, NULL),
	(476, 159, 'Planning to', 2, NULL),
	(477, 159, 'Yes', 4, NULL),
	(478, 160, 'No', 0, NULL),
	(479, 160, 'Planning to', 2, NULL),
	(480, 160, 'Yes', 4, NULL),
	(481, 161, 'No', 0, NULL),
	(482, 161, 'Planning to', 2, NULL),
	(483, 161, 'Yes', 4, NULL),
	(484, 162, 'No', 0, NULL),
	(485, 162, 'Planning to', 2, NULL),
	(486, 162, 'Yes', 4, NULL),
	(487, 163, 'No', 0, NULL),
	(488, 163, 'Planning to', 2, NULL),
	(489, 163, 'Yes', 4, NULL),
	(490, 164, 'No', 0, NULL),
	(491, 164, 'Planning to', 2, NULL),
	(492, 164, 'Yes', 4, NULL),
	(493, 165, 'No', 0, NULL),
	(494, 165, 'Planning to', 2, NULL),
	(495, 165, 'Yes', 4, NULL),
	(496, 166, 'No', 0, NULL),
	(497, 166, 'Planning to', 2, NULL),
	(498, 166, 'Yes', 4, NULL),
	(499, 167, 'No', 0, NULL),
	(500, 167, 'Planning to', 2, NULL),
	(501, 167, 'Yes', 4, NULL),
	(502, 168, 'No', 0, NULL),
	(503, 168, 'Planning to', 2, NULL),
	(504, 168, 'Yes', 4, NULL),
	(505, 169, 'No', 0, NULL),
	(506, 169, 'Planning to', 2, NULL),
	(507, 169, 'Yes', 4, NULL),
	(508, 170, 'No', 0, NULL),
	(509, 170, 'Planning to', 2, NULL),
	(510, 170, 'Yes', 4, NULL),
	(511, 171, 'No', 0, NULL),
	(512, 171, 'Planning to', 2, NULL),
	(513, 171, 'Yes', 4, NULL),
	(514, 172, 'No', 0, NULL),
	(515, 172, 'Planning to', 2, NULL),
	(516, 172, 'Yes', 4, NULL),
	(517, 173, 'No', 0, NULL),
	(518, 173, 'Planning to', 2, NULL),
	(519, 173, 'Yes', 4, NULL),
	(520, 174, 'No', 0, NULL),
	(521, 174, 'Planning to', 2, NULL),
	(522, 174, 'Yes', 4, NULL),
	(523, 175, 'No', 0, NULL),
	(524, 175, 'Planning to', 2, NULL),
	(525, 175, 'Yes', 4, NULL)


INSERT INTO users (user_id, username, email, first_name, last_name, company, position) VALUES 
	(1, 'jward0', 'jward0@miitbeian.gov.cn', 'Jeremy', 'Ward', 'Youbridge', 'Civil Engineer'),
	(2, 'lcarter1', 'lcarter1@blogtalkradio.com', 'Lois', 'Carter', 'Riffwire', 'Librarian'),
	(3, 'lfowler2', 'lfowler2@godaddy.com', 'Lois', 'Fowler', 'Voonix', 'Director of Sales'),
	(4, 'tdunn3', 'tdunn3@myspace.com', 'Terry', 'Dunn', 'Jabbercube', 'Nuclear Power Engineer'),
	(5, 'swheeler4', 'swheeler4@kickstarter.com', 'Susan', 'Wheeler', 'Thoughtstorm', 'Automation Specialist I'),
	(6, 'swhite5', 'swhite5@redcross.org', 'Steven', 'White', 'Oodoo', 'Desktop Support Technician'),
	(7, 'tstanley6', 'tstanley6@webnode.com', 'Teresa', 'Stanley', 'Topdrive', 'Research Nurse'),
	(8, 'amorales7', 'amorales7@1688.com', 'Angela', 'Morales', 'Yata', 'Registered Nurse'),
	(9, 'vdean8', 'vdean8@disqus.com', 'Victor', 'Dean', 'Snaptags', 'Human Resources Manager'),
	(10, 'bmoore9', 'bmoore9@eventbrite.com', 'Brandon', 'Moore', 'Divanoodle', 'Human Resources Assistant II'),
	(11, 'schapmana', 'schapmana@hubpages.com', 'Samuel', 'Chapman', 'Thoughtblab', 'Assistant Manager'),
	(12, 'nadamsb', 'nadamsb@reddit.com', 'Nicole', 'Adams', 'Oyoyo', 'Programmer II'),
	(13, 'dmyersc', 'dmyersc@bloglovin.com', 'Donald', 'Myers', 'Yotz', 'Web Developer II'),
	(14, 'jjamesd', 'jjamesd@theglobeandmail.com', 'Julie', 'James', 'Jabberbean', 'Data Coordiator'),
	(15, 'wrodrigueze', 'wrodrigueze@hp.com', 'Walter', 'Rodriguez', 'Thoughtstorm', 'Web Developer II'),
	(16, 'cfoxf', 'cfoxf@engadget.com', 'Carolyn', 'Fox', 'Shufflester', 'Sales Representative'),
	(17, 'hburkeg', 'hburkeg@columbia.edu', 'Howard', 'Burke', 'Linktype', 'Marketing Assistant'),
	(18, 'ejohnsonh', 'ejohnsonh@timesonline.co.uk', 'Emily', 'Johnson', 'Voonder', 'Assistant Media Planner'),
	(19, 'fhernandezi', 'fhernandezi@hp.com', 'Frank', 'Hernandez', 'Mybuzz', 'Director of Sales'),
	(20, 'kmccoyj', 'kmccoyj@dailymotion.com', 'Kathryn', 'Mccoy', 'Ozu', 'Nuclear Power Engineer'),
	(21, 'jpiercek', 'jpiercek@zimbio.com', 'Johnny', 'Pierce', 'Gigabox', 'Automation Specialist I'),
	(22, 'jbutlerl', 'jbutlerl@pen.io', 'Jeffrey', 'Butler', 'Tagpad', 'Senior Quality Engineer'),
	(23, 'sreedm', 'sreedm@myspace.com', 'Sarah', 'Reed', 'Feedfire', 'Engineer I'),
	(24, 'cblackn', 'cblackn@uiuc.edu', 'Christina', 'Black', 'Yambee', 'Dental Hygienist'),
	(25, 'bbutlero', 'bbutlero@howstuffworks.com', 'Beverly', 'Butler', 'Kamba', 'Recruiter');

INSERT INTO results (result_id, user_id, assessment_id, start_time, end_time) VALUES 
	(1, 5, 1, null, null),
	(2, 6, 1, null, null),
	(3, 13, 1, null, null),
	(4, 20, 1, null, null),
	(5, 15, 1, null, null),
	(6, 18, 1, null, null),
	(7, 2, 1, null, null),
	(8, 11, 1, null, null),
	(9, 20, 1, null, null),
	(10, 14, 1, null, null),
	(11, 6, 1, null, null),
	(12, 6, 1, null, null),
	(13, 13, 1, null, null),
	(14, 15, 1, null, null),
	(15, 24, 1, null, null),
	(16, 8, 1, null, null),
	(17, 12, 1, null, null),
	(18, 6, 1, null, null),
	(19, 11, 1, null, null),
	(20, 24, 1, null, null),
	(21, 16, 1, null, null),
	(22, 12, 1, null, null),
	(23, 16, 1, null, null),
	(24, 2, 1, null, null),
	(25, 16, 1, null, null);

INSERT INTO responses (response_id, result_id, question_id, answer_id) VALUES 
	(1, 1, 1, 3),
	(2, 1, 2, 3),
	(3, 1, 3, 3),
	(4, 1, 4, 1),
	(5, 1, 5, 3),
	(6, 1, 6, 3),
	(7, 1, 7, 3),
	(8, 1, 8, 1),
	(9, 1, 9, 2),
	(10, 1, 10, 1),
	(11, 1, 11, 2),
	(12, 1, 12, 3),
	(13, 1, 13, 1),
	(14, 1, 14, 3),
	(15, 1, 15, 1),
	(16, 1, 16, 3),
	(17, 1, 17, 1),
	(18, 1, 18, 3),
	(19, 1, 19, 2),
	(20, 1, 20, 1),
	(21, 1, 21, 1),
	(22, 1, 22, 2),
	(23, 1, 23, 3),
	(24, 1, 24, 3),
	(25, 2, 1, 3),
	(26, 2, 2, 2),
	(27, 2, 3, 2),
	(28, 2, 4, 1),
	(29, 2, 5, 2),
	(30, 2, 6, 3),
	(31, 2, 7, 3),
	(32, 2, 8, 2),
	(33, 2, 9, 2),
	(34, 2, 10, 3),
	(35, 2, 11, 1),
	(36, 2, 12, 2),
	(37, 2, 13, 3),
	(38, 2, 14, 1),
	(39, 2, 15, 2),
	(40, 2, 16, 1),
	(41, 2, 17, 2),
	(42, 2, 18, 1),
	(43, 2, 19, 1),
	(44, 2, 20, 2),
	(45, 2, 21, 1),
	(46, 2, 22, 2),
	(47, 2, 23, 2),
	(48, 2, 24, 2),
	(49, 3, 1, 2),
	(50, 3, 2, 3),
	(51, 3, 3, 2),
	(52, 3, 4, 2),
	(53, 3, 5, 3),
	(54, 3, 6, 1),
	(55, 3, 7, 1),
	(56, 3, 8, 1),
	(57, 3, 9, 1),
	(58, 3, 10, 1),
	(59, 3, 11, 1),
	(60, 3, 12, 2),
	(61, 3, 13, 2),
	(62, 3, 14, 1),
	(63, 3, 15, 2),
	(64, 3, 16, 2),
	(65, 3, 17, 1),
	(66, 3, 18, 3),
	(67, 3, 19, 3),
	(68, 3, 20, 1),
	(69, 3, 21, 2),
	(70, 3, 22, 3),
	(71, 3, 23, 1),
	(72, 3, 24, 2),
	(73, 4, 1, 3),
	(74, 4, 2, 1),
	(75, 4, 3, 3),
	(76, 4, 4, 2),
	(77, 4, 5, 2),
	(78, 4, 6, 3),
	(79, 4, 7, 3),
	(80, 4, 8, 2),
	(81, 4, 9, 3),
	(82, 4, 10, 3),
	(83, 4, 11, 1),
	(84, 4, 12, 1),
	(85, 4, 13, 3),
	(86, 4, 14, 2),
	(87, 4, 15, 2),
	(88, 4, 16, 3),
	(89, 4, 17, 1),
	(90, 4, 18, 2),
	(91, 4, 19, 1),
	(92, 4, 20, 1),
	(93, 4, 21, 1),
	(94, 4, 22, 2),
	(95, 4, 23, 2),
	(96, 4, 24, 1),
	(97, 5, 1, 2),
	(98, 5, 2, 1),
	(99, 5, 3, 3),
	(100, 5, 4, 3),
	(101, 5, 5, 2),
	(102, 5, 6, 1),
	(103, 5, 7, 2),
	(104, 5, 8, 1),
	(105, 5, 9, 1),
	(106, 5, 10, 2),
	(107, 5, 11, 3),
	(108, 5, 12, 1),
	(109, 5, 13, 2),
	(110, 5, 14, 3),
	(111, 5, 15, 2),
	(112, 5, 16, 1),
	(113, 5, 17, 3),
	(114, 5, 18, 1),
	(115, 5, 19, 2),
	(116, 5, 20, 2),
	(117, 5, 21, 3),
	(118, 5, 22, 1),
	(119, 5, 23, 3),
	(120, 5, 24, 1),
	(121, 6, 1, 3),
	(122, 6, 2, 2),
	(123, 6, 3, 3),
	(124, 6, 4, 3),
	(125, 6, 5, 3),
	(126, 6, 6, 1),
	(127, 6, 7, 1),
	(128, 6, 8, 3),
	(129, 6, 9, 3),
	(130, 6, 10, 3),
	(131, 6, 11, 3),
	(132, 6, 12, 1),
	(133, 6, 13, 2),
	(134, 6, 14, 2),
	(135, 6, 15, 3),
	(136, 6, 16, 2),
	(137, 6, 17, 3),
	(138, 6, 18, 2),
	(139, 6, 19, 3),
	(140, 6, 20, 2),
	(141, 6, 21, 2),
	(142, 6, 22, 1),
	(143, 6, 23, 1),
	(144, 6, 24, 3),
	(145, 7, 1, 3),
	(146, 7, 2, 1),
	(147, 7, 3, 3),
	(148, 7, 4, 1),
	(149, 7, 5, 3),
	(150, 7, 6, 3),
	(151, 7, 7, 3),
	(152, 7, 8, 3),
	(153, 7, 9, 3),
	(154, 7, 10, 2),
	(155, 7, 11, 1),
	(156, 7, 12, 2),
	(157, 7, 13, 3),
	(158, 7, 14, 2),
	(159, 7, 15, 1),
	(160, 7, 16, 1),
	(161, 7, 17, 3),
	(162, 7, 18, 3),
	(163, 7, 19, 2),
	(164, 7, 20, 1),
	(165, 7, 21, 2),
	(166, 7, 22, 2),
	(167, 7, 23, 1),
	(168, 7, 24, 2),
	(169, 8, 1, 3),
	(170, 8, 2, 2),
	(171, 8, 3, 2),
	(172, 8, 4, 3),
	(173, 8, 5, 3),
	(174, 8, 6, 1),
	(175, 8, 7, 1),
	(176, 8, 8, 3),
	(177, 8, 9, 2),
	(178, 8, 10, 1),
	(179, 8, 11, 1),
	(180, 8, 12, 1),
	(181, 8, 13, 1),
	(182, 8, 14, 2),
	(183, 8, 15, 3),
	(184, 8, 16, 2),
	(185, 8, 17, 1),
	(186, 8, 18, 1),
	(187, 8, 19, 1),
	(188, 8, 20, 1),
	(189, 8, 21, 3),
	(190, 8, 22, 2),
	(191, 8, 23, 2),
	(192, 8, 24, 3),
	(193, 9, 1, 3),
	(194, 9, 2, 2),
	(195, 9, 3, 3),
	(196, 9, 4, 3),
	(197, 9, 5, 2),
	(198, 9, 6, 3),
	(199, 9, 7, 3),
	(200, 9, 8, 2),
	(201, 9, 9, 2),
	(202, 9, 10, 2),
	(203, 9, 11, 2),
	(204, 9, 12, 1),
	(205, 9, 13, 3),
	(206, 9, 14, 2),
	(207, 9, 15, 2),
	(208, 9, 16, 2),
	(209, 9, 17, 3),
	(210, 9, 18, 2),
	(211, 9, 19, 1),
	(212, 9, 20, 3),
	(213, 9, 21, 1),
	(214, 9, 22, 1),
	(215, 9, 23, 3),
	(216, 9, 24, 1),
	(217, 10, 1, 1),
	(218, 10, 2, 2),
	(219, 10, 3, 3),
	(220, 10, 4, 3),
	(221, 10, 5, 2),
	(222, 10, 6, 1),
	(223, 10, 7, 2),
	(224, 10, 8, 1),
	(225, 10, 9, 3),
	(226, 10, 10, 2),
	(227, 10, 11, 3),
	(228, 10, 12, 3),
	(229, 10, 13, 2),
	(230, 10, 14, 1),
	(231, 10, 15, 3),
	(232, 10, 16, 3),
	(233, 10, 17, 2),
	(234, 10, 18, 3),
	(235, 10, 19, 1),
	(236, 10, 20, 2),
	(237, 10, 21, 2),
	(238, 10, 22, 1),
	(239, 10, 23, 3),
	(240, 10, 24, 3),
	(241, 11, 1, 2),
	(242, 11, 2, 1),
	(243, 11, 3, 2),
	(244, 11, 4, 3),
	(245, 11, 5, 3),
	(246, 11, 6, 3),
	(247, 11, 7, 2),
	(248, 11, 8, 2),
	(249, 11, 9, 1),
	(250, 11, 10, 3),
	(251, 11, 11, 3),
	(252, 11, 12, 3),
	(253, 11, 13, 1),
	(254, 11, 14, 2),
	(255, 11, 15, 3),
	(256, 11, 16, 1),
	(257, 11, 17, 1),
	(258, 11, 18, 2),
	(259, 11, 19, 2),
	(260, 11, 20, 3),
	(261, 11, 21, 2),
	(262, 11, 22, 1),
	(263, 11, 23, 3),
	(264, 11, 24, 1),
	(265, 12, 1, 1),
	(266, 12, 2, 2),
	(267, 12, 3, 1),
	(268, 12, 4, 2),
	(269, 12, 5, 3),
	(270, 12, 6, 3),
	(271, 12, 7, 2),
	(272, 12, 8, 1),
	(273, 12, 9, 1),
	(274, 12, 10, 2),
	(275, 12, 11, 2),
	(276, 12, 12, 1),
	(277, 12, 13, 2),
	(278, 12, 14, 3),
	(279, 12, 15, 1),
	(280, 12, 16, 3),
	(281, 12, 17, 3),
	(282, 12, 18, 3),
	(283, 12, 19, 2),
	(284, 12, 20, 1),
	(285, 12, 21, 3),
	(286, 12, 22, 2),
	(287, 12, 23, 3),
	(288, 12, 24, 2),
	(289, 13, 1, 2),
	(290, 13, 2, 1),
	(291, 13, 3, 1),
	(292, 13, 4, 2),
	(293, 13, 5, 2),
	(294, 13, 6, 2),
	(295, 13, 7, 1),
	(296, 13, 8, 2),
	(297, 13, 9, 2),
	(298, 13, 10, 2),
	(299, 13, 11, 3),
	(300, 13, 12, 3),
	(301, 13, 13, 3),
	(302, 13, 14, 2),
	(303, 13, 15, 3),
	(304, 13, 16, 2),
	(305, 13, 17, 2),
	(306, 13, 18, 1),
	(307, 13, 19, 1),
	(308, 13, 20, 1),
	(309, 13, 21, 2),
	(310, 13, 22, 3),
	(311, 13, 23, 1),
	(312, 13, 24, 3),
	(313, 14, 1, 2),
	(314, 14, 2, 1),
	(315, 14, 3, 3),
	(316, 14, 4, 3),
	(317, 14, 5, 3),
	(318, 14, 6, 1),
	(319, 14, 7, 3),
	(320, 14, 8, 1),
	(321, 14, 9, 3),
	(322, 14, 10, 2),
	(323, 14, 11, 2),
	(324, 14, 12, 3),
	(325, 14, 13, 3),
	(326, 14, 14, 1),
	(327, 14, 15, 2),
	(328, 14, 16, 3),
	(329, 14, 17, 3),
	(330, 14, 18, 1),
	(331, 14, 19, 3),
	(332, 14, 20, 2),
	(333, 14, 21, 2),
	(334, 14, 22, 1),
	(335, 14, 23, 1),
	(336, 14, 24, 1),
	(337, 15, 1, 3),
	(338, 15, 2, 2),
	(339, 15, 3, 3),
	(340, 15, 4, 2),
	(341, 15, 5, 2),
	(342, 15, 6, 2),
	(343, 15, 7, 1),
	(344, 15, 8, 1),
	(345, 15, 9, 3),
	(346, 15, 10, 1),
	(347, 15, 11, 2),
	(348, 15, 12, 3),
	(349, 15, 13, 1),
	(350, 15, 14, 3),
	(351, 15, 15, 1),
	(352, 15, 16, 3),
	(353, 15, 17, 2),
	(354, 15, 18, 2),
	(355, 15, 19, 1),
	(356, 15, 20, 2),
	(357, 15, 21, 2),
	(358, 15, 22, 3),
	(359, 15, 23, 3),
	(360, 15, 24, 3),
	(361, 16, 1, 1),
	(362, 16, 2, 1),
	(363, 16, 3, 3),
	(364, 16, 4, 3),
	(365, 16, 5, 2),
	(366, 16, 6, 3),
	(367, 16, 7, 1),
	(368, 16, 8, 3),
	(369, 16, 9, 2),
	(370, 16, 10, 1),
	(371, 16, 11, 1),
	(372, 16, 12, 1),
	(373, 16, 13, 3),
	(374, 16, 14, 1),
	(375, 16, 15, 2),
	(376, 16, 16, 1),
	(377, 16, 17, 2),
	(378, 16, 18, 1),
	(379, 16, 19, 1),
	(380, 16, 20, 1),
	(381, 16, 21, 1),
	(382, 16, 22, 2),
	(383, 16, 23, 3),
	(384, 16, 24, 1),
	(385, 17, 1, 3),
	(386, 17, 2, 2),
	(387, 17, 3, 3),
	(388, 17, 4, 3),
	(389, 17, 5, 2),
	(390, 17, 6, 2),
	(391, 17, 7, 1),
	(392, 17, 8, 1),
	(393, 17, 9, 3),
	(394, 17, 10, 1),
	(395, 17, 11, 3),
	(396, 17, 12, 1),
	(397, 17, 13, 2),
	(398, 17, 14, 1),
	(399, 17, 15, 3),
	(400, 17, 16, 1),
	(401, 17, 17, 1),
	(402, 17, 18, 1),
	(403, 17, 19, 2),
	(404, 17, 20, 1),
	(405, 17, 21, 1),
	(406, 17, 22, 1),
	(407, 17, 23, 3),
	(408, 17, 24, 2),
	(409, 18, 1, 2),
	(410, 18, 2, 1),
	(411, 18, 3, 3),
	(412, 18, 4, 1),
	(413, 18, 5, 3),
	(414, 18, 6, 1),
	(415, 18, 7, 3),
	(416, 18, 8, 2),
	(417, 18, 9, 1),
	(418, 18, 10, 1),
	(419, 18, 11, 2),
	(420, 18, 12, 3),
	(421, 18, 13, 2),
	(422, 18, 14, 1),
	(423, 18, 15, 3),
	(424, 18, 16, 3),
	(425, 18, 17, 1),
	(426, 18, 18, 2),
	(427, 18, 19, 3),
	(428, 18, 20, 1),
	(429, 18, 21, 1),
	(430, 18, 22, 2),
	(431, 18, 23, 2),
	(432, 18, 24, 2),
	(433, 19, 1, 2),
	(434, 19, 2, 2),
	(435, 19, 3, 1),
	(436, 19, 4, 3),
	(437, 19, 5, 3),
	(438, 19, 6, 1),
	(439, 19, 7, 2),
	(440, 19, 8, 1),
	(441, 19, 9, 3),
	(442, 19, 10, 2),
	(443, 19, 11, 1),
	(444, 19, 12, 1),
	(445, 19, 13, 2),
	(446, 19, 14, 2),
	(447, 19, 15, 2),
	(448, 19, 16, 3),
	(449, 19, 17, 1),
	(450, 19, 18, 1),
	(451, 19, 19, 1),
	(452, 19, 20, 2),
	(453, 19, 21, 1),
	(454, 19, 22, 3),
	(455, 19, 23, 2),
	(456, 19, 24, 3),
	(457, 20, 1, 2),
	(458, 20, 2, 2),
	(459, 20, 3, 2),
	(460, 20, 4, 2),
	(461, 20, 5, 1),
	(462, 20, 6, 2),
	(463, 20, 7, 3),
	(464, 20, 8, 3),
	(465, 20, 9, 2),
	(466, 20, 10, 2),
	(467, 20, 11, 1),
	(468, 20, 12, 1),
	(469, 20, 13, 1),
	(470, 20, 14, 3),
	(471, 20, 15, 2),
	(472, 20, 16, 3),
	(473, 20, 17, 1),
	(474, 20, 18, 1),
	(475, 20, 19, 2),
	(476, 20, 20, 3),
	(477, 20, 21, 1),
	(478, 20, 22, 3),
	(479, 20, 23, 3),
	(480, 20, 24, 3),
	(481, 21, 1, 2),
	(482, 21, 2, 1),
	(483, 21, 3, 2),
	(484, 21, 4, 3),
	(485, 21, 5, 3),
	(486, 21, 6, 2),
	(487, 21, 7, 1),
	(488, 21, 8, 1),
	(489, 21, 9, 1),
	(490, 21, 10, 2),
	(491, 21, 11, 1),
	(492, 21, 12, 3),
	(493, 21, 13, 1),
	(494, 21, 14, 2),
	(495, 21, 15, 2),
	(496, 21, 16, 1),
	(497, 21, 17, 1),
	(498, 21, 18, 3),
	(499, 21, 19, 2),
	(500, 21, 20, 3),
	(501, 21, 21, 2),
	(502, 21, 22, 3),
	(503, 21, 23, 1),
	(504, 21, 24, 2),
	(505, 22, 1, 1),
	(506, 22, 2, 2),
	(507, 22, 3, 2),
	(508, 22, 4, 1),
	(509, 22, 5, 3),
	(510, 22, 6, 1),
	(511, 22, 7, 3),
	(512, 22, 8, 2),
	(513, 22, 9, 1),
	(514, 22, 10, 1),
	(515, 22, 11, 2),
	(516, 22, 12, 2),
	(517, 22, 13, 1),
	(518, 22, 14, 2),
	(519, 22, 15, 2),
	(520, 22, 16, 2),
	(521, 22, 17, 3),
	(522, 22, 18, 1),
	(523, 22, 19, 1),
	(524, 22, 20, 2),
	(525, 22, 21, 3),
	(526, 22, 22, 2),
	(527, 22, 23, 1),
	(528, 22, 24, 1),
	(529, 23, 1, 3),
	(530, 23, 2, 3),
	(531, 23, 3, 2),
	(532, 23, 4, 2),
	(533, 23, 5, 3),
	(534, 23, 6, 3),
	(535, 23, 7, 2),
	(536, 23, 8, 2),
	(537, 23, 9, 2),
	(538, 23, 10, 3),
	(539, 23, 11, 3),
	(540, 23, 12, 1),
	(541, 23, 13, 1),
	(542, 23, 14, 3),
	(543, 23, 15, 1),
	(544, 23, 16, 1),
	(545, 23, 17, 2),
	(546, 23, 18, 2),
	(547, 23, 19, 2),
	(548, 23, 20, 3),
	(549, 23, 21, 2),
	(550, 23, 22, 2),
	(551, 23, 23, 1),
	(552, 23, 24, 1),
	(553, 24, 1, 1),
	(554, 24, 2, 2),
	(555, 24, 3, 2),
	(556, 24, 4, 2),
	(557, 24, 5, 2),
	(558, 24, 6, 2),
	(559, 24, 7, 1),
	(560, 24, 8, 1),
	(561, 24, 9, 3),
	(562, 24, 10, 3),
	(563, 24, 11, 3),
	(564, 24, 12, 1),
	(565, 24, 13, 2),
	(566, 24, 14, 2),
	(567, 24, 15, 1),
	(568, 24, 16, 2),
	(569, 24, 17, 2),
	(570, 24, 18, 3),
	(571, 24, 19, 2),
	(572, 24, 20, 3),
	(573, 24, 21, 1),
	(574, 24, 22, 3),
	(575, 24, 23, 2),
	(576, 24, 24, 1),
	(577, 25, 1, 3),
	(578, 25, 2, 1),
	(579, 25, 3, 1),
	(580, 25, 4, 2),
	(581, 25, 5, 2),
	(582, 25, 6, 1),
	(583, 25, 7, 2),
	(584, 25, 8, 2),
	(585, 25, 9, 3),
	(586, 25, 10, 3),
	(587, 25, 11, 3),
	(588, 25, 12, 3),
	(589, 25, 13, 3),
	(590, 25, 14, 1),
	(591, 25, 15, 1),
	(592, 25, 16, 2),
	(593, 25, 17, 2),
	(594, 25, 18, 1),
	(595, 25, 19, 2),
	(596, 25, 20, 1),
	(597, 25, 21, 1),
	(598, 25, 22, 3),
	(599, 25, 23, 2),
	(600, 25, 24, 3);

INSERT INTO weights (weight_id, result_id, category_id, value) VALUES
	(1, 1, 1, 0.076923076923076923),
	(2, 1, 2, 0.076923076923076923),
	(3, 1, 3, 0.076923076923076923),
	(4, 1, 4, 0.076923076923076923),
	(5, 1, 5, 0.076923076923076923),
	(6, 1, 6, 0.076923076923076923),
	(7, 1, 7, 0.076923076923076923),
	(8, 1, 8, 0.076923076923076923),
	(9, 1, 9, 0.076923076923076923),
	(10, 1, 10, 0.076923076923076923),
	(11, 1, 11, 0.076923076923076923),
	(12, 1, 12, 0.076923076923076923),
	(13, 1, 13, 0.076923076923076923),
	(14, 2, 1, 0.076923076923076923),
	(15, 2, 2, 0.076923076923076923),
	(16, 2, 3, 0.076923076923076923),
	(17, 2, 4, 0.076923076923076923),
	(18, 2, 5, 0.076923076923076923),
	(19, 2, 6, 0.076923076923076923),
	(20, 2, 7, 0.076923076923076923),
	(21, 2, 8, 0.076923076923076923),
	(22, 2, 9, 0.076923076923076923),
	(23, 2, 10, 0.076923076923076923),
	(24, 2, 11, 0.076923076923076923),
	(25, 2, 12, 0.076923076923076923),
	(26, 2, 13, 0.076923076923076923),
	(27, 3, 1, 0.076923076923076923),
	(28, 3, 2, 0.076923076923076923),
	(29, 3, 3, 0.076923076923076923),
	(30, 3, 4, 0.076923076923076923),
	(31, 3, 5, 0.076923076923076923),
	(32, 3, 6, 0.076923076923076923),
	(33, 3, 7, 0.076923076923076923),
	(34, 3, 8, 0.076923076923076923),
	(35, 3, 9, 0.076923076923076923),
	(36, 3, 10, 0.076923076923076923),
	(37, 3, 11, 0.076923076923076923),
	(38, 3, 12, 0.076923076923076923),
	(39, 3, 13, 0.076923076923076923),
	(40, 4, 1, 0.076923076923076923),
	(41, 4, 2, 0.076923076923076923),
	(42, 4, 3, 0.076923076923076923),
	(43, 4, 4, 0.076923076923076923),
	(44, 4, 5, 0.076923076923076923),
	(45, 4, 6, 0.076923076923076923),
	(46, 4, 7, 0.076923076923076923),
	(47, 4, 8, 0.076923076923076923),
	(48, 4, 9, 0.076923076923076923),
	(49, 4, 10, 0.076923076923076923),
	(50, 4, 11, 0.076923076923076923),
	(51, 4, 12, 0.076923076923076923),
	(52, 4, 13, 0.076923076923076923),
	(53, 5, 1, 0.076923076923076923),
	(54, 5, 2, 0.076923076923076923),
	(55, 5, 3, 0.076923076923076923),
	(56, 5, 4, 0.076923076923076923),
	(57, 5, 5, 0.076923076923076923),
	(58, 5, 6, 0.076923076923076923),
	(59, 5, 7, 0.076923076923076923),
	(60, 5, 8, 0.076923076923076923),
	(61, 5, 9, 0.076923076923076923),
	(62, 5, 10, 0.076923076923076923),
	(63, 5, 11, 0.076923076923076923),
	(64, 5, 12, 0.076923076923076923),
	(65, 5, 13, 0.076923076923076923),
	(66, 6, 1, 0.076923076923076923),
	(67, 6, 2, 0.076923076923076923),
	(68, 6, 3, 0.076923076923076923),
	(69, 6, 4, 0.076923076923076923),
	(70, 6, 5, 0.076923076923076923),
	(71, 6, 6, 0.076923076923076923),
	(72, 6, 7, 0.076923076923076923),
	(73, 6, 8, 0.076923076923076923),
	(74, 6, 9, 0.076923076923076923),
	(75, 6, 10, 0.076923076923076923),
	(76, 6, 11, 0.076923076923076923),
	(77, 6, 12, 0.076923076923076923),
	(78, 6, 13, 0.076923076923076923),
	(79, 7, 1, 0.076923076923076923),
	(80, 7, 2, 0.076923076923076923),
	(81, 7, 3, 0.076923076923076923),
	(82, 7, 4, 0.076923076923076923),
	(83, 7, 5, 0.076923076923076923),
	(84, 7, 6, 0.076923076923076923),
	(85, 7, 7, 0.076923076923076923),
	(86, 7, 8, 0.076923076923076923),
	(87, 7, 9, 0.076923076923076923),
	(88, 7, 10, 0.076923076923076923),
	(89, 7, 11, 0.076923076923076923),
	(90, 7, 12, 0.076923076923076923),
	(91, 7, 13, 0.076923076923076923),
	(92, 8, 1, 0.076923076923076923),
	(93, 8, 2, 0.076923076923076923),
	(94, 8, 3, 0.076923076923076923),
	(95, 8, 4, 0.076923076923076923),
	(96, 8, 5, 0.076923076923076923),
	(97, 8, 6, 0.076923076923076923),
	(98, 8, 7, 0.076923076923076923),
	(99, 8, 8, 0.076923076923076923),
	(100, 8, 9, 0.076923076923076923),
	(101, 8, 10, 0.076923076923076923),
	(102, 8, 11, 0.076923076923076923),
	(103, 8, 12, 0.076923076923076923),
	(104, 8, 13, 0.076923076923076923),
	(105, 9, 1, 0.076923076923076923),
	(106, 9, 2, 0.076923076923076923),
	(107, 9, 3, 0.076923076923076923),
	(108, 9, 4, 0.076923076923076923),
	(109, 9, 5, 0.076923076923076923),
	(110, 9, 6, 0.076923076923076923),
	(111, 9, 7, 0.076923076923076923),
	(112, 9, 8, 0.076923076923076923),
	(113, 9, 9, 0.076923076923076923),
	(114, 9, 10, 0.076923076923076923),
	(115, 9, 11, 0.076923076923076923),
	(116, 9, 12, 0.076923076923076923),
	(117, 9, 13, 0.076923076923076923),
	(118, 10, 1, 0.076923076923076923),
	(119, 10, 2, 0.076923076923076923),
	(120, 10, 3, 0.076923076923076923),
	(121, 10, 4, 0.076923076923076923),
	(122, 10, 5, 0.076923076923076923),
	(123, 10, 6, 0.076923076923076923),
	(124, 10, 7, 0.076923076923076923),
	(125, 10, 8, 0.076923076923076923),
	(126, 10, 9, 0.076923076923076923),
	(127, 10, 10, 0.076923076923076923),
	(128, 10, 11, 0.076923076923076923),
	(129, 10, 12, 0.076923076923076923),
	(130, 10, 13, 0.076923076923076923),
	(131, 11, 1, 0.076923076923076923),
	(132, 11, 2, 0.076923076923076923),
	(133, 11, 3, 0.076923076923076923),
	(134, 11, 4, 0.076923076923076923),
	(135, 11, 5, 0.076923076923076923),
	(136, 11, 6, 0.076923076923076923),
	(137, 11, 7, 0.076923076923076923),
	(138, 11, 8, 0.076923076923076923),
	(139, 11, 9, 0.076923076923076923),
	(140, 11, 10, 0.076923076923076923),
	(141, 11, 11, 0.076923076923076923),
	(142, 11, 12, 0.076923076923076923),
	(143, 11, 13, 0.076923076923076923),
	(144, 12, 1, 0.076923076923076923),
	(145, 12, 2, 0.076923076923076923),
	(146, 12, 3, 0.076923076923076923),
	(147, 12, 4, 0.076923076923076923),
	(148, 12, 5, 0.076923076923076923),
	(149, 12, 6, 0.076923076923076923),
	(150, 12, 7, 0.076923076923076923),
	(151, 12, 8, 0.076923076923076923),
	(152, 12, 9, 0.076923076923076923),
	(153, 12, 10, 0.076923076923076923),
	(154, 12, 11, 0.076923076923076923),
	(155, 12, 12, 0.076923076923076923),
	(156, 12, 13, 0.076923076923076923),
	(157, 13, 1, 0.076923076923076923),
	(158, 13, 2, 0.076923076923076923),
	(159, 13, 3, 0.076923076923076923),
	(160, 13, 4, 0.076923076923076923),
	(161, 13, 5, 0.076923076923076923),
	(162, 13, 6, 0.076923076923076923),
	(163, 13, 7, 0.076923076923076923),
	(164, 13, 8, 0.076923076923076923),
	(165, 13, 9, 0.076923076923076923),
	(166, 13, 10, 0.076923076923076923),
	(167, 13, 11, 0.076923076923076923),
	(168, 13, 12, 0.076923076923076923),
	(169, 13, 13, 0.076923076923076923),
	(170, 14, 1, 0.076923076923076923),
	(171, 14, 2, 0.076923076923076923),
	(172, 14, 3, 0.076923076923076923),
	(173, 14, 4, 0.076923076923076923),
	(174, 14, 5, 0.076923076923076923),
	(175, 14, 6, 0.076923076923076923),
	(176, 14, 7, 0.076923076923076923),
	(177, 14, 8, 0.076923076923076923),
	(178, 14, 9, 0.076923076923076923),
	(179, 14, 10, 0.076923076923076923),
	(180, 14, 11, 0.076923076923076923),
	(181, 14, 12, 0.076923076923076923),
	(182, 14, 13, 0.076923076923076923),
	(183, 15, 1, 0.076923076923076923),
	(184, 15, 2, 0.076923076923076923),
	(185, 15, 3, 0.076923076923076923),
	(186, 15, 4, 0.076923076923076923),
	(187, 15, 5, 0.076923076923076923),
	(188, 15, 6, 0.076923076923076923),
	(189, 15, 7, 0.076923076923076923),
	(190, 15, 8, 0.076923076923076923),
	(191, 15, 9, 0.076923076923076923),
	(192, 15, 10, 0.076923076923076923),
	(193, 15, 11, 0.076923076923076923),
	(194, 15, 12, 0.076923076923076923),
	(195, 15, 13, 0.076923076923076923),
	(196, 16, 1, 0.076923076923076923),
	(197, 16, 2, 0.076923076923076923),
	(198, 16, 3, 0.076923076923076923),
	(199, 16, 4, 0.076923076923076923),
	(200, 16, 5, 0.076923076923076923),
	(201, 16, 6, 0.076923076923076923),
	(202, 16, 7, 0.076923076923076923),
	(203, 16, 8, 0.076923076923076923),
	(204, 16, 9, 0.076923076923076923),
	(205, 16, 10, 0.076923076923076923),
	(206, 16, 11, 0.076923076923076923),
	(207, 16, 12, 0.076923076923076923),
	(208, 16, 13, 0.076923076923076923),
	(209, 17, 1, 0.076923076923076923),
	(210, 17, 2, 0.076923076923076923),
	(211, 17, 3, 0.076923076923076923),
	(212, 17, 4, 0.076923076923076923),
	(213, 17, 5, 0.076923076923076923),
	(214, 17, 6, 0.076923076923076923),
	(215, 17, 7, 0.076923076923076923),
	(216, 17, 8, 0.076923076923076923),
	(217, 17, 9, 0.076923076923076923),
	(218, 17, 10, 0.076923076923076923),
	(219, 17, 11, 0.076923076923076923),
	(220, 17, 12, 0.076923076923076923),
	(221, 17, 13, 0.076923076923076923),
	(222, 18, 1, 0.076923076923076923),
	(223, 18, 2, 0.076923076923076923),
	(224, 18, 3, 0.076923076923076923),
	(225, 18, 4, 0.076923076923076923),
	(226, 18, 5, 0.076923076923076923),
	(227, 18, 6, 0.076923076923076923),
	(228, 18, 7, 0.076923076923076923),
	(229, 18, 8, 0.076923076923076923),
	(230, 18, 9, 0.076923076923076923),
	(231, 18, 10, 0.076923076923076923),
	(232, 18, 11, 0.076923076923076923),
	(233, 18, 12, 0.076923076923076923),
	(234, 18, 13, 0.076923076923076923),
	(235, 19, 1, 0.076923076923076923),
	(236, 19, 2, 0.076923076923076923),
	(237, 19, 3, 0.076923076923076923),
	(238, 19, 4, 0.076923076923076923),
	(239, 19, 5, 0.076923076923076923),
	(240, 19, 6, 0.076923076923076923),
	(241, 19, 7, 0.076923076923076923),
	(242, 19, 8, 0.076923076923076923),
	(243, 19, 9, 0.076923076923076923),
	(244, 19, 10, 0.076923076923076923),
	(245, 19, 11, 0.076923076923076923),
	(246, 19, 12, 0.076923076923076923),
	(247, 19, 13, 0.076923076923076923),
	(248, 20, 1, 0.076923076923076923),
	(249, 20, 2, 0.076923076923076923),
	(250, 20, 3, 0.076923076923076923),
	(251, 20, 4, 0.076923076923076923),
	(252, 20, 5, 0.076923076923076923),
	(253, 20, 6, 0.076923076923076923),
	(254, 20, 7, 0.076923076923076923),
	(255, 20, 8, 0.076923076923076923),
	(256, 20, 9, 0.076923076923076923),
	(257, 20, 10, 0.076923076923076923),
	(258, 20, 11, 0.076923076923076923),
	(259, 20, 12, 0.076923076923076923),
	(260, 20, 13, 0.076923076923076923),
	(261, 21, 1, 0.076923076923076923),
	(262, 21, 2, 0.076923076923076923),
	(263, 21, 3, 0.076923076923076923),
	(264, 21, 4, 0.076923076923076923),
	(265, 21, 5, 0.076923076923076923),
	(266, 21, 6, 0.076923076923076923),
	(267, 21, 7, 0.076923076923076923),
	(268, 21, 8, 0.076923076923076923),
	(269, 21, 9, 0.076923076923076923),
	(270, 21, 10, 0.076923076923076923),
	(271, 21, 11, 0.076923076923076923),
	(272, 21, 12, 0.076923076923076923),
	(273, 21, 13, 0.076923076923076923),
	(274, 22, 1, 0.076923076923076923),
	(275, 22, 2, 0.076923076923076923),
	(276, 22, 3, 0.076923076923076923),
	(277, 22, 4, 0.076923076923076923),
	(278, 22, 5, 0.076923076923076923),
	(279, 22, 6, 0.076923076923076923),
	(280, 22, 7, 0.076923076923076923),
	(281, 22, 8, 0.076923076923076923),
	(282, 22, 9, 0.076923076923076923),
	(283, 22, 10, 0.076923076923076923),
	(284, 22, 11, 0.076923076923076923),
	(285, 22, 12, 0.076923076923076923),
	(286, 22, 13, 0.076923076923076923),
	(287, 23, 1, 0.076923076923076923),
	(288, 23, 2, 0.076923076923076923),
	(289, 23, 3, 0.076923076923076923),
	(290, 23, 4, 0.076923076923076923),
	(291, 23, 5, 0.076923076923076923),
	(292, 23, 6, 0.076923076923076923),
	(293, 23, 7, 0.076923076923076923),
	(294, 23, 8, 0.076923076923076923),
	(295, 23, 9, 0.076923076923076923),
	(296, 23, 10, 0.076923076923076923),
	(297, 23, 11, 0.076923076923076923),
	(298, 23, 12, 0.076923076923076923),
	(299, 23, 13, 0.076923076923076923),
	(300, 24, 1, 0.076923076923076923),
	(301, 24, 2, 0.076923076923076923),
	(302, 24, 3, 0.076923076923076923),
	(303, 24, 4, 0.076923076923076923),
	(304, 24, 5, 0.076923076923076923),
	(305, 24, 6, 0.076923076923076923),
	(306, 24, 7, 0.076923076923076923),
	(307, 24, 8, 0.076923076923076923),
	(308, 24, 9, 0.076923076923076923),
	(309, 24, 10, 0.076923076923076923),
	(310, 24, 11, 0.076923076923076923),
	(311, 24, 12, 0.076923076923076923),
	(312, 24, 13, 0.076923076923076923),
	(313, 25, 1, 0.076923076923076923),
	(314, 25, 2, 0.076923076923076923),
	(315, 25, 3, 0.076923076923076923),
	(316, 25, 4, 0.076923076923076923),
	(317, 25, 5, 0.076923076923076923),
	(318, 25, 6, 0.076923076923076923),
	(319, 25, 7, 0.076923076923076923),
	(320, 25, 8, 0.076923076923076923),
	(321, 25, 9, 0.076923076923076923),
	(322, 25, 10, 0.076923076923076923),
	(323, 25, 11, 0.076923076923076923),
	(324, 25, 12, 0.076923076923076923),
	(325, 25, 13, 0.076923076923076923);


